0,0,0,0,0,0,0,0,0,0,0,0,1
0,0,0,0,0,0,0,0,0,0,0,0,1
0,0,0,0,0,0,1,0,0,0,0,0,1
0,0,0,0,0,0,0,1,0,1,0,0,1
0,0,0,0,0,0,0,0,0,0,0,0,4
0,0,0,0,27,19,8,5,0,0,0,0,15
0,0,0,0,0,0,0,0,0,0,0,0,1
0,0,0,0,0,0,0,0,0,0,0,0,1
0,0,0,0,10,0,5,8,0,0,0,0,8
0,0,0,0,0,0,0,0,0,0,0,0,7
0,0,0,0,0,0,0,0,0,0,0,0,1
0,0,0,0,0,0,0,0,0,0,0,0,1
0,0,0,0,0,0,0,0,0,0,0,0,1
0,0,0,0,0,0,0,0,0,0,0,0,1
0,0,0,0,0,1,0,4,0,0,0,0,5
0,0,0,0,0,0,2,0,0,6,50,13,5
0,0,0,0,0,0,0,0,0,0,0,0,1
0,0,0,0,0,0,0,0,0,0,0,0,1
0,0,0,0,0,0,0,0,0,0,0,0,1
0,0,0,0,0,0,0,0,0,0,0,0,7
0,0,0,0,0,0,0,0,0,0,0,0,1
0,0,1,0,0,0,5,0,0,0,0,0,7
0,0,0,0,0,0,0,0,0,0,0,0,1
0,0,0,0,0,0,0,0,0,0,0,0,1
0,0,0,0,0,0,0,0,0,0,0,0,1
0,0,0,0,0,0,0,0,0,0,0,0,1
0,0,0,0,0,0,0,0,0,0,0,0,1
0,0,0,0,0,0,0,0,0,0,0,0,1
0,0,0,0,0,0,0,0,0,0,0,0,1
0,0,0,0,0,0,0,0,0,0,0,0,1
0,0,0,0,0,0,0,0,0,0,0,0,1
0,0,0,0,0,0,0,0,0,0,0,0,1
0,0,0,0,0,0,0,0,0,0,0,0,1
0,0,0,0,0,0,0,0,0,0,0,0,1
0,0,0,0,0,0,0,0,0,0,0,0,1
0,0,0,0,0,0,0,0,0,0,0,0,1
0,0,0,0,0,0,0,0,0,0,0,0,1
0,0,0,0,0,0,0,0,0,0,0,0,1
0,0,0,0,0,0,0,0,0,0,0,0,1
0,0,0,0,0,0,0,0,0,0,0,0,1
0,0,0,0,0,0,0,0,0,0,0,0,1
0,0,0,0,0,0,0,0,0,0,0,0,1
0,0,0,0,0,0,0,0,0,0,0,0,1
0,0,0,0,0,0,0,0,0,0,0,0,1
0,0,0,0,0,0,0,0,0,0,0,0,1
0,0,0,0,0,0,0,0,0,0,0,0,1
0,0,0,0,0,0,0,0,0,0,0,0,1
0,0,0,0,0,0,0,0,0,0,0,0,1
0,0,0,0,0,0,0,0,0,0,0,0,1
0,0,0,0,0,0,0,0,0,0,0,0,1
0,0,0,0,0,0,0,0,0,0,0,0,1
0,0,0,0,0,0,0,0,0,0,0,0,1
0,0,0,0,0,0,0,0,0,0,0,0,1
0,0,0,0,0,0,0,0,0,0,0,0,1
0,0,0,0,0,0,0,0,0,0,0,0,1
0,0,0,0,0,0,1,0,0,0,0,0,1
0,0,0,0,0,0,0,0,0,0,0,0,1
0,0,0,0,0,0,0,0,0,0,0,0,1
0,0,0,0,0,1,0,0,0,8,15,1,10
0,0,0,0,0,0,0,0,0,0,0,0,1
0,0,0,0,0,0,0,0,0,0,0,0,1
0,0,0,0,0,0,2,0,0,0,8,0,1
0,0,0,0,0,0,0,0,0,0,0,0,1
0,0,0,0,0,0,0,0,0,0,0,0,1
0,0,0,0,0,0,0,0,0,0,0,0,1
0,0,0,0,0,0,0,0,0,0,0,0,1
0,0,0,0,0,0,0,0,0,0,0,0,1
0,0,0,0,0,0,0,0,0,0,0,0,1
0,0,0,0,0,0,0,0,0,0,0,0,1
0,0,0,0,0,0,0,0,0,0,0,0,1
0,0,0,0,0,0,0,0,0,0,0,0,1
0,0,0,0,0,0,0,0,0,0,0,0,1
0,0,0,0,0,0,0,0,0,0,0,0,1
0,0,0,0,0,0,0,0,0,0,0,0,1
0,0,0,0,0,0,0,0,0,0,0,0,1
0,0,0,0,0,0,0,2,0,0,0,0,1
0,0,0,0,0,0,0,1,0,0,0,0,1
0,0,0,0,0,0,0,0,0,0,0,0,1
0,0,0,0,0,0,0,0,0,0,0,0,1
0,0,0,0,0,0,0,0,0,0,0,0,1
0,0,0,0,0,0,0,0,0,0,0,0,1
0,0,0,0,0,1,0,0,0,0,0,0,4
0,0,0,0,0,0,0,0,0,0,0,0,1
0,0,0,0,0,0,0,0,0,0,0,0,1
0,0,0,0,0,0,0,0,0,0,0,0,1
0,0,0,0,0,0,0,0,0,0,0,0,1
0,0,0,0,0,0,0,0,0,0,0,0,1
0,0,0,0,0,0,0,0,0,0,0,0,1
0,0,0,0,0,0,0,0,0,0,0,0,1
0,0,0,0,0,0,1,0,0,0,0,0,1
0,0,0,0,0,0,0,0,0,0,0,0,1
0,0,0,0,0,0,0,0,0,0,0,0,1
0,0,0,0,0,0,0,0,0,0,0,0,1
0,0,0,0,0,0,0,0,0,0,0,0,1
0,0,0,0,0,0,0,0,0,0,0,0,1
0,0,0,0,0,0,0,0,0,0,0,0,1
0,0,0,0,0,0,1,0,0,0,0,0,1
0,0,0,0,0,0,9,0,0,0,0,0,1
0,0,0,0,0,0,0,0,0,0,0,0,1
0,0,0,0,0,0,0,0,0,0,0,0,1
0,0,0,0,0,0,0,0,0,0,0,0,1
0,0,0,0,0,0,0,0,0,0,0,0,1
0,0,0,0,0,0,0,0,0,0,0,0,1
0,0,0,0,0,0,0,0,0,0,0,0,1
0,0,0,0,0,0,0,0,0,0,0,0,1
0,0,0,0,0,0,0,0,0,0,0,0,1
0,0,0,0,0,0,0,0,0,0,0,0,1
0,0,0,0,0,0,0,0,0,0,0,0,1
0,0,0,0,0,0,0,0,0,0,0,0,4
0,0,0,0,0,0,0,0,0,0,0,0,1
0,0,0,0,0,0,0,0,0,0,0,0,1
0,0,0,0,0,0,0,0,0,0,0,0,1
0,0,0,0,0,0,0,0,0,0,0,0,1
0,0,0,0,0,0,0,0,0,0,0,0,1
0,0,0,0,0,0,0,0,0,0,0,0,1
0,0,0,0,0,0,0,0,0,0,0,0,1
0,0,0,0,0,0,0,0,0,0,0,0,1
0,0,0,0,0,0,0,0,0,0,0,0,1
0,0,0,0,0,0,0,0,0,0,0,0,1
0,0,0,0,0,0,0,0,0,0,0,0,1
0,0,0,0,0,0,0,0,0,0,0,0,1
0,0,0,0,0,0,2,0,0,0,0,0,1
0,0,0,0,0,0,0,0,0,0,0,0,1
0,0,0,0,0,0,0,0,0,0,0,0,1
0,0,0,0,0,0,0,0,0,0,0,0,1
0,0,0,0,0,0,0,0,0,0,0,0,1
0,0,0,0,0,0,0,0,0,0,0,0,1
0,0,0,0,0,0,3,0,0,0,0,0,1
0,0,0,0,0,0,0,0,0,0,0,0,1
0,0,0,0,0,0,0,0,0,0,0,0,1
0,0,0,0,0,0,0,0,0,0,0,0,1
0,0,0,0,0,0,0,0,0,3,5,0,3
0,0,0,0,0,0,0,0,0,0,0,0,1
0,0,0,0,0,0,0,0,0,0,0,0,1
0,0,0,0,0,0,2,1,0,0,0,0,2
0,0,0,0,0,0,0,0,0,0,0,0,1
0,0,0,0,0,0,0,0,0,2,2,0,1
0,0,0,0,0,0,0,0,0,0,0,0,1
0,0,0,0,0,0,0,0,0,0,0,0,1
0,0,0,0,0,0,0,0,0,0,0,0,1
0,0,0,0,0,0,0,0,0,0,0,0,1
0,0,0,0,0,0,0,0,0,0,0,0,1
0,0,0,0,0,0,0,0,0,0,0,0,1
0,0,0,0,0,0,0,0,0,0,0,0,1
0,0,0,0,0,0,0,0,0,1,0,0,1
0,0,0,0,0,1,0,0,0,0,0,0,1
0,0,0,0,0,0,0,0,0,0,0,0,1
0,0,0,0,0,0,0,0,0,0,0,0,1
0,0,0,0,0,0,0,0,0,0,0,0,1
0,0,0,0,0,0,0,0,0,0,0,0,1
0,0,0,0,0,0,0,0,0,0,0,0,1
0,0,0,0,0,0,0,0,0,0,0,0,1
0,0,0,0,0,0,0,0,0,0,0,0,1
0,0,0,0,0,0,0,0,0,0,1,0,1
0,0,0,0,0,0,0,0,0,0,0,0,1
0,0,0,0,0,0,0,0,0,0,0,0,1
0,0,0,0,0,0,0,0,0,0,0,0,1
0,0,0,0,0,0,0,0,0,0,0,0,1
0,0,0,0,0,0,1,0,0,0,0,0,1
0,0,0,0,0,0,0,0,0,0,0,0,1
0,0,0,0,0,0,0,0,0,0,0,0,1
0,0,0,0,0,0,0,0,0,0,0,0,1
0,0,0,0,0,0,0,0,0,0,0,0,1
0,0,0,0,0,0,0,0,0,0,0,0,1
0,0,0,0,0,0,0,0,0,0,0,0,1
0,0,0,0,0,0,0,0,0,0,0,0,1
0,0,0,0,0,0,0,0,0,0,0,0,1
0,0,0,0,0,0,0,0,0,0,0,0,1
0,0,0,0,0,0,0,0,0,0,0,0,1
0,0,0,0,0,0,0,0,0,0,0,0,1
0,0,0,0,0,0,1,0,0,0,0,0,1
0,0,0,0,0,0,0,1,0,0,0,0,1
0,0,0,0,0,0,0,0,0,0,0,0,1
0,0,0,0,0,0,0,0,0,0,0,0,1
0,0,0,0,0,0,0,0,0,0,0,0,1
0,0,0,0,0,0,1,0,0,0,0,0,1
0,0,0,0,0,0,0,0,0,0,0,0,1
0,0,0,0,0,0,0,0,0,0,0,0,1
0,0,0,0,0,0,0,0,0,0,0,0,1
0,0,0,0,0,0,0,0,0,0,0,0,1
0,0,0,0,0,0,0,0,0,0,0,0,1
0,0,0,0,1,0,0,0,0,0,0,0,1
0,0,0,0,0,0,0,0,0,0,0,0,1
0,0,0,0,0,0,0,0,0,0,0,0,1
0,0,0,0,0,0,0,0,0,0,0,0,1
0,0,0,0,0,0,0,0,0,0,0,0,1
0,0,1,0,0,0,1,0,0,0,3,0,7
0,0,0,0,0,0,0,0,0,0,0,0,1
0,0,0,0,0,0,0,1,0,0,0,0,1
0,0,0,0,0,0,0,0,0,0,0,0,1
0,0,0,0,0,0,0,0,0,0,0,0,1
0,0,3,0,0,0,0,0,0,0,0,0,1
0,0,0,0,0,0,0,0,0,0,0,0,1
0,0,0,0,0,0,0,0,0,0,0,0,1
0,0,1,0,0,0,0,0,0,0,0,0,7
0,0,0,0,0,0,2,0,0,0,0,0,1
0,0,0,0,0,0,0,0,0,0,0,0,1
0,0,0,0,0,0,0,0,0,0,0,0,1
0,0,0,0,0,0,0,0,0,0,0,0,1
0,0,0,0,0,0,2,0,0,0,0,0,1
0,0,0,0,0,0,0,0,0,0,0,0,1
0,0,0,0,0,0,0,0,0,0,0,0,1
0,0,0,0,0,0,0,0,0,0,0,0,1
0,0,0,0,0,0,0,0,0,0,0,0,1
0,0,0,0,0,0,0,0,0,0,0,0,1
0,0,0,0,0,0,0,0,0,0,0,0,1
0,0,0,0,0,0,0,0,0,0,0,0,1
0,0,0,0,0,0,0,0,0,0,0,0,1
0,0,0,0,0,0,0,0,0,0,0,0,1
0,0,0,0,0,0,0,0,0,0,0,0,1
0,0,0,0,0,0,0,0,0,0,0,0,1
0,0,0,0,0,0,0,0,0,0,0,0,1
0,0,0,0,0,0,0,0,0,0,0,0,1
0,0,0,0,0,0,0,0,0,0,0,0,1
0,0,0,0,0,0,1,0,0,0,0,0,1
0,0,0,0,0,0,0,0,0,0,0,0,3
0,0,0,0,0,0,0,0,0,0,0,0,1
0,0,0,0,0,0,0,0,0,0,0,0,1
0,0,0,0,0,0,0,0,0,0,0,0,1
0,0,0,0,0,0,0,0,0,0,0,0,1
0,0,0,0,0,0,0,0,0,0,0,0,1
0,0,0,0,0,0,0,0,0,0,0,0,1
0,0,0,0,0,0,0,0,0,0,0,0,1
0,0,0,0,0,0,0,0,0,0,0,0,1
0,0,0,0,0,0,0,0,0,0,0,0,1
0,0,0,0,0,0,0,0,0,0,0,0,1
0,0,0,0,0,0,1,2,0,0,0,0,1
0,0,0,0,0,0,0,0,0,0,0,0,1
0,0,0,0,0,0,0,0,0,0,0,0,1
0,0,0,0,0,0,0,0,0,0,0,0,1
0,0,0,0,0,0,0,0,0,0,0,0,1
0,0,0,0,0,0,0,0,0,0,0,0,1
0,0,0,0,0,0,0,0,0,0,0,0,1
0,0,0,0,0,0,0,0,0,0,0,0,1
0,0,0,0,0,0,0,0,0,0,6,1,1
0,0,0,0,0,0,0,0,0,0,0,0,1
0,0,0,0,0,0,0,0,0,0,0,0,1
0,0,0,0,0,0,0,0,0,0,0,0,1
0,0,0,0,0,0,0,1,0,0,0,0,1
0,0,0,0,0,0,0,0,0,0,1,0,1
0,0,1,0,0,0,5,1,0,0,0,0,1
0,0,0,0,0,0,0,0,0,0,0,0,1
0,0,0,0,0,0,0,0,0,0,0,0,1
0,0,0,0,0,0,0,0,0,0,0,0,1
0,0,0,0,0,0,0,0,0,0,0,0,1
0,0,0,0,0,0,0,0,0,0,0,0,1
0,0,0,0,0,0,0,0,0,0,0,0,1
0,0,0,0,0,0,0,0,0,0,0,0,1
0,0,0,0,0,0,0,0,0,0,0,0,1
0,0,0,0,0,0,0,0,0,0,0,0,1
0,0,0,0,0,0,0,0,0,0,0,0,1
0,0,0,0,0,0,0,0,0,0,0,0,1
0,0,0,0,0,0,0,0,0,0,0,0,1
0,0,2,0,0,0,0,3,0,0,0,0,8
0,0,0,0,0,0,0,0,0,0,0,0,1
0,0,0,0,0,0,0,2,0,0,1,1,1
0,0,0,0,0,0,0,0,0,0,0,0,1
0,0,0,0,0,0,0,0,0,0,0,0,1
0,0,0,0,0,0,3,0,0,0,1,0,1
0,0,0,0,0,0,0,0,0,0,0,0,1
0,0,0,0,0,0,0,0,0,0,0,0,1
0,0,0,0,0,0,0,0,0,0,0,0,1
0,0,0,0,1,0,0,0,0,0,0,0,1
0,0,0,0,0,0,0,0,0,0,0,0,1
0,0,1,0,2,0,6,1,0,0,0,0,4
0,0,0,0,0,0,0,3,0,0,0,0,3
0,0,0,0,0,0,1,2,0,0,0,0,3
0,0,0,0,0,0,0,0,0,0,0,0,1
0,0,0,0,0,0,0,0,0,0,0,0,1
0,0,0,0,0,0,1,0,0,0,0,0,1
0,0,0,0,0,0,3,0,0,0,0,0,1
0,0,0,0,0,0,0,0,0,0,0,0,1
0,0,0,0,0,0,1,0,0,0,0,0,1
0,0,0,0,0,0,0,0,0,0,0,0,1
0,0,0,0,0,0,0,0,0,0,0,0,1
0,0,0,0,0,0,0,0,0,0,0,0,1
0,0,0,0,0,0,0,0,0,0,0,0,1
0,0,0,0,0,0,0,0,0,0,0,0,1
0,0,0,0,0,0,0,0,0,0,0,0,1
0,0,0,0,0,0,0,0,0,0,0,0,1
0,0,0,0,0,0,0,0,0,0,0,0,1
0,0,2,0,0,0,0,0,0,1,0,0,1
0,0,0,0,0,0,0,0,0,0,0,0,1
0,0,0,0,0,0,0,0,0,0,0,0,1
0,0,0,0,0,0,0,0,0,0,0,0,1
0,0,0,0,0,0,0,0,0,0,0,0,1
0,0,0,0,0,0,0,0,0,0,0,0,1
0,0,0,0,0,0,0,0,0,0,0,0,1
0,0,0,0,0,0,0,0,0,0,0,0,1
0,0,0,0,0,0,0,0,0,0,0,0,1
0,0,0,0,0,0,1,0,0,0,0,0,1
0,0,0,0,0,0,0,0,0,0,0,0,1
0,0,0,0,0,0,0,0,0,0,0,0,1
0,0,0,0,0,0,0,0,0,0,0,0,1
0,0,0,0,0,0,0,0,0,0,0,0,1
0,0,0,0,0,0,0,0,0,0,0,0,1
0,0,0,0,0,0,0,0,0,0,0,0,1
0,0,0,0,0,0,0,0,0,0,0,0,1
0,0,0,0,0,0,0,0,0,0,0,0,1
0,0,0,0,0,0,0,0,0,0,0,0,1
0,0,0,0,0,0,0,0,0,0,0,0,1
0,0,0,0,0,0,0,0,0,0,0,0,1
0,0,0,0,0,0,0,0,0,0,0,0,1
0,0,0,0,0,0,0,0,0,0,0,0,1
0,0,0,0,0,0,0,0,0,0,0,0,1
0,0,0,0,0,0,0,0,0,0,0,0,1
0,0,0,0,0,0,0,0,0,0,0,0,1
0,0,0,0,1,0,0,0,0,0,1,3,3
0,0,0,0,0,0,0,0,0,0,0,0,1
0,0,0,0,0,0,0,0,0,0,0,0,1
0,0,0,0,0,0,0,0,0,0,0,0,1
0,0,0,0,0,0,0,0,0,0,0,0,1
0,0,0,0,0,0,0,0,0,0,0,0,1
0,0,0,0,0,0,0,3,0,0,0,0,3
0,0,0,0,0,0,0,0,0,0,0,0,1
0,0,0,0,0,0,0,0,0,0,0,0,1
0,0,0,0,0,0,0,0,0,0,0,0,1
0,0,0,0,0,0,0,0,0,0,0,0,1
0,0,0,0,0,0,2,0,0,0,0,0,1
0,0,0,0,0,0,0,0,0,0,0,0,1
0,0,1,0,0,0,1,0,0,0,0,0,7
0,0,0,0,0,0,0,0,0,0,0,0,1
0,0,0,0,0,0,0,0,0,0,0,0,1
0,0,0,0,0,0,0,0,0,0,0,0,1
0,0,0,0,0,0,0,0,0,0,0,0,1
0,0,0,0,0,0,0,0,0,0,0,0,1
0,0,0,0,0,0,0,0,0,0,0,0,1
0,0,0,0,0,0,0,0,0,0,0,0,1
0,0,0,0,0,0,0,0,0,0,0,0,1
0,0,0,0,0,0,0,0,0,0,0,0,1
0,0,0,0,0,0,0,0,0,0,0,0,1
0,0,0,0,1,0,0,0,0,2,0,0,3
0,0,0,0,0,0,0,0,0,0,0,0,1
0,0,0,0,0,0,0,0,0,0,0,0,1
0,0,0,0,0,0,0,0,0,0,0,0,1
0,0,0,0,0,0,0,0,0,0,0,0,1
0,0,0,0,0,0,0,0,0,0,0,0,1
0,0,0,0,0,0,0,0,0,0,0,0,1
0,0,0,0,0,0,0,0,0,0,0,0,1
0,0,0,0,0,0,0,0,0,0,0,0,1
0,0,0,0,0,0,3,1,0,0,0,0,2
0,0,0,0,0,0,0,0,0,0,0,0,1
0,0,0,0,0,0,0,0,0,0,0,0,1
0,0,0,0,0,0,1,0,0,0,0,0,1
0,0,0,0,0,0,0,0,0,0,0,0,1
0,0,0,0,0,1,0,0,0,0,0,0,1
0,0,0,0,0,0,0,0,0,0,0,0,1
0,0,0,0,0,0,0,0,0,0,0,0,1
0,0,0,0,0,0,0,0,0,0,0,0,1
0,0,0,0,0,0,0,0,0,0,0,0,1
0,0,0,0,0,0,0,0,0,3,1,0,3
0,0,0,0,0,0,0,0,0,0,1,1,1
0,0,0,0,0,0,0,0,0,0,0,0,1
0,0,0,0,0,0,0,0,0,0,0,0,2
0,0,0,0,0,0,0,0,0,0,0,0,1
0,0,0,0,2,0,1,0,0,0,0,0,4
0,0,0,0,0,0,0,0,0,0,0,0,1
0,0,0,0,0,0,0,0,0,0,0,0,1
0,0,0,0,0,0,0,0,0,0,0,0,1
0,0,0,0,0,0,0,0,0,0,0,0,1
0,0,0,0,0,0,1,0,0,0,0,0,1
0,0,0,0,0,0,0,0,0,0,0,0,1
0,0,0,0,0,0,0,0,0,0,0,0,1
0,0,0,0,0,0,0,0,0,0,0,0,1
0,0,0,0,0,0,0,0,0,0,0,0,1
0,0,0,0,0,0,0,0,0,0,0,0,1
0,0,0,0,0,0,0,0,0,0,0,0,1
0,0,0,0,0,1,0,0,0,0,0,0,4
0,0,0,0,2,4,0,0,0,0,3,3,5
0,0,0,0,1,0,0,0,0,0,0,0,3
0,0,0,0,0,0,0,0,0,0,0,0,1
0,0,0,0,0,0,0,0,0,0,0,0,1
0,0,0,0,0,0,0,0,0,0,0,0,1
0,0,0,0,0,0,0,0,0,0,0,0,1
0,0,0,0,0,0,0,0,0,0,0,0,1
0,0,0,0,0,0,0,0,0,0,0,0,1
0,0,0,0,0,0,5,0,0,0,0,0,2
0,0,0,0,0,0,0,0,0,0,0,0,1
0,0,0,0,0,0,1,0,0,0,0,0,1
0,0,0,0,0,0,0,0,0,1,0,0,1
0,0,0,0,0,0,0,0,0,0,0,0,1
0,0,0,0,0,0,6,0,0,0,0,0,3
0,0,0,0,0,0,0,0,0,0,0,0,4
0,0,0,0,0,0,0,0,0,0,0,0,1
0,0,0,0,0,0,0,0,0,0,0,0,1
0,0,0,0,0,0,1,0,0,0,0,0,1
0,0,0,0,0,0,0,0,0,0,0,0,1
0,0,0,0,0,0,0,0,0,0,0,0,1
0,0,0,0,0,0,0,0,0,0,0,0,1
0,0,0,0,0,0,0,0,0,0,0,0,1
0,0,0,0,0,0,0,0,0,0,0,0,1
0,0,0,0,0,0,0,0,0,0,0,0,1
0,0,0,0,0,0,0,0,0,0,0,0,1
0,0,0,0,0,0,2,0,0,0,0,0,1
0,0,0,0,0,0,0,0,0,0,0,0,1
0,0,0,0,0,0,0,0,0,0,0,0,1
0,0,0,0,0,0,0,0,0,0,0,0,1
0,0,0,0,0,0,2,0,0,0,0,0,1
0,0,0,0,0,0,0,0,0,0,0,0,1
0,0,0,0,0,0,0,0,0,0,0,0,4
0,0,0,0,0,0,0,0,0,0,0,0,1
0,0,0,0,0,0,1,0,0,0,0,0,1
0,0,0,0,1,0,5,0,0,0,0,0,5
0,0,0,0,0,0,0,0,0,0,0,0,1
0,0,0,0,0,0,0,0,0,0,0,0,1
0,0,0,0,0,0,0,0,0,0,0,0,1
0,0,0,0,0,0,0,0,0,0,1,0,1
0,0,0,0,0,1,0,0,0,0,1,0,1
0,0,0,0,0,0,1,0,0,0,0,0,1
0,0,0,0,0,0,0,0,0,0,0,0,1
0,0,0,0,0,0,0,0,0,0,0,0,1
0,0,0,0,0,0,8,0,0,0,0,0,2
0,0,0,0,0,0,0,0,0,0,0,0,1
0,0,0,0,0,0,0,0,0,0,0,0,1
0,0,0,0,0,0,0,0,0,0,0,0,1
0,0,0,0,0,0,1,0,0,0,0,0,1
0,0,0,0,0,0,0,0,0,0,0,0,1
0,0,0,0,0,0,0,0,0,0,0,0,1
0,0,0,0,0,0,1,0,0,0,0,0,1
0,0,0,0,0,0,0,0,0,0,0,0,1
0,0,0,0,0,0,0,0,0,0,0,0,1
0,0,0,0,0,0,0,0,0,0,5,2,1
0,0,0,0,0,0,0,0,0,0,0,0,1
0,0,0,0,0,0,0,0,0,0,1,0,1
0,0,3,0,0,0,0,0,0,0,0,0,1
0,0,0,0,0,0,0,0,0,0,0,0,1
0,0,0,0,0,0,0,0,0,0,0,0,1
0,0,0,0,0,0,0,0,0,0,0,0,1
0,0,0,0,0,0,0,0,0,0,0,0,1
0,0,0,0,0,0,1,0,0,0,0,0,1
0,0,0,0,0,0,0,0,0,0,0,0,1
0,0,0,0,0,0,1,0,0,0,0,0,3
0,0,0,0,0,0,0,0,0,0,0,1,1
0,0,0,0,0,0,0,0,0,0,0,0,1
0,0,0,0,0,0,0,0,0,0,0,0,1
0,0,0,0,0,0,1,0,0,0,0,0,1
0,0,0,0,0,0,0,0,0,0,0,0,1
0,0,0,0,0,0,0,0,0,0,0,0,1
0,0,0,0,0,0,0,0,0,0,0,0,1
0,0,0,0,0,0,0,0,0,0,0,0,1
0,0,0,0,0,0,0,0,0,0,0,0,1
0,0,0,0,0,0,0,0,0,0,0,0,1
0,0,0,0,0,0,0,0,0,0,0,0,1
0,0,0,0,0,0,0,0,0,0,0,0,1
0,0,0,0,0,0,0,0,0,0,0,0,1
0,0,0,0,0,0,0,0,0,0,0,0,1
0,0,0,0,0,0,0,0,0,0,0,0,1
0,0,0,0,0,0,0,0,0,0,0,0,1
0,0,0,0,0,0,0,0,0,0,0,0,4
0,0,0,0,0,0,0,0,0,0,0,0,1
0,0,0,0,0,0,0,0,0,0,0,0,1
0,0,0,0,0,0,0,0,0,0,0,0,1
0,0,0,0,0,0,0,0,0,0,0,0,1
0,0,0,0,0,0,0,0,0,0,0,0,1
0,0,0,0,0,0,0,0,0,0,0,0,1
0,0,0,0,0,0,0,0,0,0,0,0,1
0,0,0,0,0,0,0,0,0,0,0,0,1
0,0,0,0,0,0,1,0,0,0,0,0,1
0,0,0,0,0,0,0,0,0,0,0,0,1
0,0,0,0,0,0,0,0,0,0,0,0,1
0,0,0,0,0,0,0,0,0,0,0,0,1
0,0,0,0,0,0,0,0,0,0,0,0,1
0,0,0,0,0,0,0,0,0,0,0,0,1
0,0,0,0,0,0,0,0,0,0,0,0,1
0,0,0,0,0,0,0,0,0,0,0,0,1
0,0,0,0,0,0,0,0,0,0,0,0,1
0,0,0,0,0,0,0,0,0,0,0,0,1
0,0,2,0,0,0,0,0,0,0,0,0,8
0,0,1,0,0,1,1,0,0,2,16,3,7
0,0,0,0,0,0,0,0,0,0,0,0,1
0,0,0,0,0,0,0,0,0,0,0,0,1
0,0,0,0,1,0,1,0,0,0,0,0,3
0,0,0,0,0,0,0,0,0,0,0,0,1
0,0,3,0,52,6,38,10,0,2,11,0,15
0,0,0,0,0,0,0,0,0,0,0,0,1
0,0,0,0,0,0,0,0,0,0,0,0,1
0,0,0,0,0,0,0,0,0,0,0,0,1
0,0,0,0,0,0,0,0,0,0,0,0,1
0,0,0,0,0,0,0,1,0,0,2,0,1
0,0,0,0,0,0,1,0,0,0,0,0,1
0,0,0,0,0,0,0,0,0,0,0,0,1
0,0,0,0,0,0,0,0,0,0,0,0,1
0,0,0,0,0,0,0,0,0,0,0,0,1
0,0,0,0,0,0,0,0,0,0,0,0,1
0,0,0,0,0,0,0,0,0,0,0,0,1
0,0,0,0,0,0,0,0,0,2,0,0,1
0,0,0,0,0,0,0,0,0,0,0,0,1
0,0,0,0,0,0,1,0,0,0,0,0,1
0,0,0,0,0,0,0,0,0,0,0,0,1
0,0,0,0,0,0,0,0,0,0,0,0,1
0,0,0,0,0,0,0,0,0,0,0,0,1
0,0,0,0,0,0,0,0,0,0,0,0,1
0,0,0,0,0,0,0,0,0,0,0,0,1
0,0,0,0,0,0,0,0,0,0,0,0,1
0,0,0,0,0,0,0,0,0,0,0,0,1
0,0,0,0,0,0,0,0,0,0,0,0,1
0,0,0,0,0,0,0,0,0,0,0,0,1
0,0,0,0,0,0,0,0,0,0,0,0,1
0,0,0,0,0,0,0,0,0,0,0,0,2
0,0,0,0,0,0,0,0,0,0,0,0,1
0,0,0,0,0,0,1,0,0,0,0,0,1
0,0,0,0,0,0,0,0,0,0,0,0,1
0,0,0,0,0,0,0,0,0,0,0,0,1
0,0,0,0,0,0,0,0,0,0,0,0,1
0,0,0,0,0,0,0,0,0,0,0,0,1
0,0,0,0,0,0,0,0,0,0,0,0,1
0,0,0,0,0,0,0,0,0,0,0,0,1
0,0,0,0,0,0,0,0,0,0,2,0,1
0,0,0,0,0,0,0,0,0,0,0,0,1
0,0,0,0,1,12,0,2,0,1,0,0,9
0,0,0,0,0,0,0,0,0,0,0,0,1
0,0,0,0,0,0,0,0,0,0,0,0,1
0,0,0,0,0,0,0,0,0,0,0,0,1
0,0,0,0,0,0,0,0,0,0,0,0,1
0,0,0,0,0,0,0,0,0,0,0,0,1
0,0,0,0,0,0,0,0,0,0,0,0,1
0,0,0,0,0,0,0,0,0,0,0,0,1
0,0,0,0,0,0,0,0,0,0,0,0,1
0,0,0,0,0,0,1,0,0,0,0,0,1
0,0,0,0,0,0,0,0,0,0,0,0,1
0,0,0,0,0,0,0,0,0,0,0,0,1
0,0,0,0,0,0,0,0,0,0,0,0,1
0,0,0,0,0,0,0,0,0,0,0,0,1
0,0,0,0,0,0,0,0,0,0,0,0,1
0,0,0,0,0,0,0,0,0,0,0,0,1
0,0,0,0,0,0,0,0,0,0,0,0,1
0,0,0,0,0,0,0,0,0,0,0,0,1
0,0,0,0,0,0,0,0,0,0,0,0,1
0,0,0,0,0,0,0,0,0,0,0,0,1
0,0,0,0,0,0,0,0,0,0,0,0,1
0,0,0,0,0,0,0,0,0,0,0,0,1
0,0,0,0,0,0,0,0,0,0,0,0,1
0,0,0,0,0,0,0,0,0,0,0,0,1
0,0,0,0,0,0,1,1,0,0,0,0,1
0,0,0,0,0,0,0,0,0,0,0,0,1
0,0,0,0,0,0,0,0,0,0,0,0,1
0,0,0,0,0,0,1,0,0,0,0,0,1
0,0,0,0,0,0,0,0,0,0,0,0,1
0,0,0,0,0,0,0,0,0,0,0,0,1
0,0,0,0,0,0,0,0,0,0,0,0,1
0,0,0,0,0,0,0,0,0,0,0,0,1
0,0,0,0,0,0,0,0,0,0,0,0,1
0,0,0,0,0,0,0,0,0,0,0,0,1
0,0,0,0,0,0,0,0,0,0,0,0,1
0,0,0,0,0,0,2,0,0,3,8,4,3
0,0,0,0,0,0,0,0,0,0,0,0,1
0,0,0,0,0,0,0,0,0,0,0,0,1
0,0,0,0,0,0,0,0,0,0,0,0,1
0,0,0,0,0,0,0,0,0,0,0,0,1
0,0,0,0,0,0,0,0,0,0,0,0,1
0,0,0,0,1,0,0,0,0,0,0,0,1
0,0,1,0,0,0,5,0,0,0,0,0,7
0,0,0,0,0,0,0,0,0,0,0,0,1
0,0,0,0,0,0,0,0,0,0,0,0,1
0,0,0,0,0,0,0,0,0,0,0,0,1
0,0,0,0,1,0,0,0,0,0,0,0,1
0,0,0,0,0,0,0,0,0,0,0,0,1
0,0,0,0,0,0,1,0,0,0,0,0,1
0,0,0,0,1,0,0,0,0,0,0,0,2
0,0,0,0,0,0,0,0,0,0,0,0,1
0,0,0,0,0,0,0,0,0,0,0,0,1
0,0,0,0,1,0,0,0,0,0,0,0,1
0,0,0,0,0,0,0,0,0,0,0,2,1
0,0,0,0,0,0,0,0,0,0,0,0,1
0,0,0,0,0,0,1,0,0,0,0,0,1
0,0,0,0,0,0,0,0,0,0,0,0,1
0,0,0,0,0,0,0,0,0,0,0,0,1
0,0,0,0,0,0,0,0,0,0,0,0,1
0,0,0,0,0,0,0,0,0,0,0,0,1
0,0,0,0,0,0,0,0,0,0,0,0,1
0,0,0,0,0,0,4,0,0,0,0,0,1
0,0,0,0,0,0,1,0,0,0,0,0,1
0,0,0,0,1,0,0,0,0,0,0,0,1
0,0,0,0,0,0,0,0,0,0,0,0,1
0,0,0,0,2,2,3,0,0,0,0,0,1
0,0,0,0,0,0,0,0,0,0,0,0,1
0,0,0,0,0,0,2,0,0,0,0,0,1
0,0,0,0,0,0,0,0,0,0,0,0,1
0,0,0,0,0,0,0,1,0,0,0,0,1
0,0,0,0,0,0,0,0,0,0,2,0,1
0,0,0,0,0,0,0,0,0,0,0,0,1
0,0,0,0,0,0,0,0,0,0,0,0,1
0,0,0,0,0,0,0,0,0,0,0,0,1
0,0,0,0,0,0,0,0,0,0,0,0,1
0,0,0,0,0,0,1,0,0,0,0,0,1
0,0,0,0,0,0,0,0,0,0,0,0,1
0,0,0,0,5,1,0,0,0,0,0,2,7
0,0,0,0,0,0,0,0,0,0,0,0,1
0,0,0,0,0,0,0,0,0,0,0,0,1
0,0,0,0,0,0,0,0,0,0,0,0,1
0,0,0,0,0,0,0,0,0,0,0,0,2
0,0,0,0,0,0,0,0,0,0,0,0,1
0,0,0,0,0,0,0,0,0,0,0,0,1
0,0,0,0,0,0,0,0,0,0,0,0,1
0,0,0,0,3,0,1,0,0,0,0,0,4
0,0,0,0,0,0,0,0,0,0,0,0,1
0,0,0,0,0,0,0,0,0,0,0,0,1
0,0,0,0,0,0,0,0,0,0,0,0,1
0,0,0,0,0,0,0,0,0,0,0,0,1
0,0,0,0,0,0,0,0,0,0,0,0,1
0,0,0,0,0,0,2,0,0,0,0,0,1
0,0,0,0,0,0,0,0,0,0,0,0,1
0,0,0,0,0,0,0,0,0,0,0,0,1
0,0,0,0,1,0,0,0,0,0,0,0,2
0,0,0,0,0,0,0,0,0,0,0,0,1
0,0,0,0,0,0,1,0,0,0,0,0,1
0,0,0,0,0,0,0,0,0,0,0,0,1
0,0,0,0,0,0,0,0,0,0,0,0,1
0,0,0,0,0,0,0,0,0,0,0,0,1
0,0,0,0,0,0,0,0,0,0,0,0,1
0,0,0,0,0,0,0,0,0,0,0,0,1
0,0,0,0,0,0,0,0,0,0,0,0,1
0,0,0,0,1,0,1,0,0,0,0,0,2
0,0,0,0,0,0,0,0,0,0,0,0,1
0,0,0,0,0,0,0,0,0,0,0,0,1
0,0,0,0,0,0,0,0,0,0,0,0,1
0,0,0,0,0,0,0,0,0,0,0,0,1
0,0,0,0,0,0,0,0,0,0,0,0,1
0,0,0,0,0,0,0,0,0,0,0,0,1
0,0,0,0,2,0,1,0,0,0,0,0,4
0,0,0,0,0,0,0,0,0,0,0,0,1
0,0,0,0,0,0,0,0,0,0,0,0,1
0,0,0,0,0,0,0,0,0,0,0,0,1
0,0,0,0,0,0,0,0,0,0,0,0,1
0,0,0,0,0,0,0,0,0,0,0,0,1
0,0,0,0,0,0,0,0,0,0,0,0,1
0,0,0,0,0,0,0,0,0,0,0,0,1
0,0,0,0,0,0,0,0,0,0,0,0,1
0,0,0,0,0,0,0,0,0,0,0,0,1
0,0,0,0,0,0,0,0,0,0,0,0,1
0,0,0,0,0,0,0,0,0,0,6,0,1
0,0,0,0,0,0,0,0,0,0,0,0,1
0,0,0,0,0,0,0,0,0,0,0,0,1
0,0,0,0,0,0,0,0,0,0,0,0,1
0,0,0,0,0,0,1,0,0,0,0,0,1
0,0,0,0,0,0,1,0,0,0,0,0,1
0,0,0,0,0,0,0,0,0,0,0,0,1
0,0,0,0,0,0,0,0,0,0,0,0,1
0,0,1,0,0,0,0,0,0,0,0,0,6
0,0,0,0,0,1,2,1,0,1,0,0,1
0,0,0,0,0,0,0,0,0,0,0,0,1
0,0,0,0,0,0,0,0,0,0,0,0,1
0,0,0,0,0,0,0,0,0,0,0,0,1
0,0,0,0,0,0,0,0,0,0,0,0,1
0,0,0,0,0,0,1,0,0,0,0,0,1
0,0,0,0,0,0,0,0,0,0,0,0,1
0,0,0,0,0,0,1,0,0,0,0,0,1
0,0,0,0,0,0,0,0,0,0,0,0,1
0,0,0,0,0,0,0,0,0,0,0,0,1
0,0,0,0,0,0,0,0,0,0,0,0,1
0,0,0,0,0,0,1,0,0,0,0,0,3
0,0,0,0,0,0,1,0,0,0,0,0,1
0,0,0,0,0,0,0,0,0,0,0,0,1
0,0,0,0,0,0,0,0,0,0,0,0,1
0,0,0,0,0,0,0,0,0,0,0,0,1
0,0,0,0,0,0,0,0,0,0,0,0,2
0,0,0,0,0,0,0,0,0,0,6,0,2
0,0,0,0,0,0,0,0,0,0,0,0,1
0,0,0,0,0,0,0,0,0,0,0,0,1
0,0,0,0,0,0,1,0,0,0,0,0,1
0,0,0,0,0,0,0,0,0,0,1,0,1
0,0,0,0,0,0,0,0,0,0,0,0,1
0,0,0,0,0,0,0,0,0,0,0,0,1
0,0,0,0,0,0,0,0,0,0,0,0,1
0,0,0,0,0,0,2,0,0,0,0,0,1
0,0,0,0,0,0,3,0,0,0,0,0,1
0,0,0,0,0,0,0,0,0,0,0,0,4
0,0,0,0,0,0,0,0,0,0,0,0,1
0,0,0,0,0,0,0,0,0,0,0,0,1
0,0,0,0,0,1,1,0,0,0,0,0,5
0,0,0,0,0,0,0,0,0,0,0,0,1
0,0,0,0,0,1,0,1,0,0,0,0,4
0,0,0,0,0,0,0,0,0,0,0,0,1
0,0,0,0,0,0,0,0,0,0,0,0,1
0,0,0,0,0,0,0,0,0,0,0,0,1
0,0,0,0,0,0,0,0,0,0,0,0,1
0,0,0,0,0,0,0,0,0,0,0,0,1
0,0,0,0,0,1,1,0,0,0,0,0,4
0,0,0,0,0,0,0,0,0,0,0,0,1
0,0,0,0,0,0,0,0,0,0,0,0,1
0,0,0,0,0,0,2,0,0,0,0,0,1
0,0,0,0,0,0,0,0,0,0,0,0,1
0,0,0,0,4,3,3,0,0,0,1,0,5
0,0,0,0,0,0,0,0,0,0,0,0,1
0,0,0,0,1,29,3,0,0,0,0,0,1
0,0,0,0,0,0,2,1,0,0,0,0,2
0,0,0,0,0,0,0,0,0,0,0,0,1
0,0,0,0,0,0,0,0,0,0,0,0,1
0,0,0,0,0,0,0,0,0,0,0,0,1
0,0,0,0,0,0,0,0,0,0,0,0,1
0,0,0,0,0,0,0,0,0,0,0,0,1
0,0,0,0,0,0,0,0,0,0,0,0,1
0,0,0,0,0,0,0,0,0,0,0,0,1
0,0,0,0,0,0,0,0,0,0,0,0,1
0,0,0,0,0,0,0,0,0,0,0,0,1
0,0,0,0,0,0,0,0,0,0,0,0,1
0,0,0,0,0,0,0,0,0,0,0,0,1
0,0,0,0,2,0,0,8,0,0,0,0,5
0,0,0,0,0,0,0,0,0,0,0,0,1
0,0,0,0,0,0,0,0,0,0,0,0,2
0,0,0,0,0,0,0,0,0,0,0,0,1
0,0,0,0,0,0,0,0,0,0,0,0,1
0,0,0,0,0,0,0,0,0,0,0,0,1
0,0,0,0,3,0,0,0,0,0,0,0,5
0,0,0,0,0,0,8,0,0,0,0,0,2
0,0,0,0,1,0,0,0,0,0,0,0,2
0,0,0,0,0,0,0,0,0,0,0,0,1
0,0,0,0,0,0,0,0,0,0,0,0,1
0,0,0,0,0,0,0,0,0,0,0,0,1
0,0,0,0,0,0,0,0,0,0,0,0,4
0,0,0,0,0,0,0,0,0,0,0,0,1
0,0,0,0,0,0,0,0,0,0,0,0,1
0,0,0,0,0,0,0,0,0,0,0,0,1
0,0,0,0,0,0,0,0,0,0,0,0,1
0,0,0,0,0,0,0,0,0,0,0,0,1
0,0,0,0,0,1,1,0,0,0,0,0,1
0,0,0,0,0,1,3,0,0,0,0,0,7
0,0,0,0,0,0,0,0,0,0,0,0,1
0,0,0,0,0,0,0,0,0,0,0,0,1
0,0,0,0,0,0,0,0,0,0,0,0,3
0,0,0,0,0,0,0,0,0,0,4,0,1
0,0,0,0,0,0,0,0,0,0,0,0,1
0,0,0,0,0,0,0,0,0,0,0,0,1
0,0,0,0,2,0,0,0,0,0,0,0,2
0,0,0,0,0,0,0,0,0,0,0,0,1
0,0,0,0,0,1,0,0,0,0,0,0,4
0,0,0,0,0,0,0,0,0,0,0,0,1
0,0,0,0,0,0,1,1,0,0,0,0,2
0,0,0,0,0,0,0,0,0,0,0,0,1
0,0,0,0,0,0,0,0,0,0,0,0,1
0,0,0,0,0,1,9,0,0,0,1,0,4
0,0,0,0,0,0,0,0,0,0,0,0,1
0,0,15,0,0,0,25,0,1,0,3,5,15
0,0,0,0,0,0,1,0,0,0,0,0,1
0,0,0,0,0,0,0,0,0,0,0,0,1
0,0,0,0,0,0,0,0,0,0,0,0,1
0,0,0,0,1,0,1,0,0,0,0,0,1
0,0,0,0,0,0,2,0,0,0,0,0,1
0,0,0,0,0,0,0,0,0,0,0,0,1
0,0,0,0,0,0,5,0,0,0,0,0,1
0,0,0,0,0,0,0,0,0,0,0,0,1
0,0,0,0,0,0,0,0,0,0,0,0,1
0,0,0,0,0,0,0,0,0,0,0,0,1
0,0,0,0,0,0,0,0,0,0,0,0,1
1,0,0,0,0,0,0,0,0,1,0,0,1
0,0,0,0,1,1,1,0,0,0,0,0,4
0,0,0,0,0,0,0,0,0,0,0,0,2
0,0,0,0,0,0,0,0,0,0,0,0,1
0,0,0,0,0,0,0,0,0,0,0,0,1
0,0,0,0,0,0,1,0,0,0,0,0,1
0,0,0,0,0,0,0,0,0,0,0,0,1
0,0,0,0,0,0,0,0,0,0,0,0,1
0,0,0,0,0,2,2,0,0,1,0,0,5
0,0,0,0,0,0,1,0,0,0,0,0,1
0,0,0,0,0,0,3,0,1,0,0,0,2
0,0,0,0,0,0,2,0,0,0,0,0,3
0,0,0,0,0,0,0,0,0,0,0,0,1
0,0,0,0,0,0,0,0,0,0,0,0,1
0,0,0,0,0,0,0,2,0,0,0,0,2
0,0,0,0,0,0,2,0,0,0,0,0,1
0,0,0,0,0,0,0,0,0,0,0,0,1
0,0,0,0,0,0,0,0,0,0,0,0,1
0,0,0,0,0,0,0,0,0,0,0,0,1
0,0,0,0,0,0,0,0,0,0,0,0,1
0,0,0,0,0,0,0,0,0,0,0,0,1
0,0,0,0,0,0,0,0,0,0,0,0,1
0,0,0,0,0,0,0,0,0,0,0,0,2
0,0,0,0,0,0,0,0,0,0,0,0,1
0,0,0,0,0,0,0,0,0,0,0,0,1
0,0,0,0,0,0,1,0,0,0,0,0,1
0,0,0,0,0,0,0,0,0,0,0,0,1
0,0,0,0,0,0,1,0,0,0,0,0,1
0,0,0,0,0,0,0,0,0,0,0,0,1
0,0,0,0,0,0,0,0,0,0,0,0,1
0,0,0,0,0,1,1,0,0,0,1,0,6
0,0,0,0,0,0,0,0,0,0,0,0,2
0,0,0,0,0,0,0,0,0,0,0,0,1
0,0,0,0,0,0,0,0,0,0,0,0,4
0,0,0,0,0,0,0,0,0,0,0,0,1
0,0,0,0,0,0,0,0,0,0,0,1,1
0,0,0,0,0,0,0,0,0,0,0,0,1
0,0,0,0,0,0,0,0,0,0,0,0,1
0,0,0,0,0,0,15,0,0,0,0,0,5
0,0,0,0,0,0,1,0,0,0,0,0,4
0,0,0,0,0,0,0,0,0,0,0,0,1
0,0,0,0,0,0,1,0,0,0,0,0,1
0,0,0,0,0,0,0,0,0,0,0,0,1
0,0,0,0,0,0,0,0,0,0,0,0,6
0,0,0,0,0,0,0,0,0,0,0,0,1
0,0,0,0,0,0,0,0,0,0,0,0,1
0,0,0,0,0,0,0,0,0,0,0,0,1
0,0,0,0,0,0,0,0,0,0,0,0,1
0,0,0,0,0,0,0,0,0,0,0,0,1
0,0,0,0,0,0,0,0,0,0,0,0,1
0,0,0,0,0,0,0,0,0,0,0,0,1
0,0,0,0,0,0,1,0,0,0,0,0,1
0,0,0,0,0,0,0,0,0,0,0,0,1
0,0,0,0,0,0,0,0,0,0,0,0,1
0,0,0,0,0,0,0,0,0,0,1,0,1
0,0,0,0,0,0,0,4,0,0,0,0,1
0,0,0,0,0,0,0,0,0,0,0,0,1
0,0,0,0,0,0,0,0,0,0,0,0,1
0,0,0,0,0,0,0,0,0,0,0,0,1
0,0,0,0,0,0,7,6,0,1,0,0,5
0,0,0,0,0,0,0,0,0,0,0,0,1
0,0,0,0,1,0,0,0,0,0,0,0,2
0,0,0,0,0,0,0,0,0,0,0,0,1
0,0,0,0,0,0,0,0,0,0,0,0,1
0,0,0,0,0,0,0,0,0,0,0,0,1
0,0,0,0,0,0,0,0,0,0,0,0,1
0,0,0,0,0,0,0,0,0,0,0,0,1
0,0,0,0,0,0,0,0,0,0,0,0,1
0,0,0,0,0,0,13,0,0,0,0,0,4
0,0,0,0,0,0,0,0,0,0,0,0,1
0,0,0,0,0,0,0,0,0,0,0,0,1
0,0,0,0,0,0,0,0,0,0,0,0,1
0,0,0,0,8,0,1,0,0,0,0,0,7
0,0,0,0,0,0,0,0,0,0,0,0,1
0,0,0,0,0,0,0,0,0,0,0,0,1
0,0,0,0,0,0,0,0,0,0,0,0,1
0,0,0,0,0,0,0,0,0,0,1,0,1
0,0,0,0,0,0,0,0,0,0,0,0,1
0,0,0,0,0,0,4,2,0,0,0,0,3
0,0,0,0,0,0,0,0,0,0,0,0,1
0,0,0,0,0,0,0,0,0,0,0,0,1
0,0,0,0,0,1,0,0,0,0,0,0,4
0,0,0,0,0,0,0,0,0,0,0,0,1
0,0,0,0,0,0,0,0,0,0,0,0,1
0,0,0,0,0,0,1,0,0,0,0,0,1
0,0,0,0,0,0,0,0,0,0,0,0,1
0,0,0,0,0,1,0,0,0,0,0,0,1
0,0,0,0,0,0,0,0,0,0,0,0,1
0,0,0,0,0,0,6,1,0,0,1,0,3
0,0,0,0,0,0,0,0,0,0,0,0,1
0,0,0,0,0,0,0,0,0,0,0,0,1
0,0,0,0,0,0,0,0,0,0,0,0,1
0,0,0,0,0,0,0,0,0,0,0,0,1
0,0,0,0,0,0,0,0,0,0,0,0,1
0,0,0,0,0,0,0,0,0,0,0,0,1
0,0,0,0,0,0,0,0,0,0,0,0,1
0,0,0,0,0,0,0,0,0,0,0,0,1
0,0,0,0,0,0,1,0,0,0,1,0,7
0,0,0,0,0,0,5,0,0,0,0,0,3
0,0,0,0,0,0,0,0,0,0,0,0,1
0,0,0,0,1,0,0,0,0,0,0,0,3
0,0,0,0,0,0,0,0,0,0,0,0,1
0,0,0,0,0,0,2,0,0,0,0,0,1
0,0,0,0,0,0,1,0,0,0,0,0,1
0,0,0,0,0,0,0,0,0,0,0,0,1
0,0,0,0,0,3,5,0,0,0,0,6,7
0,0,1,0,0,0,0,0,0,0,0,0,7
0,0,0,0,0,0,0,0,0,0,0,0,1
0,0,0,0,0,0,0,1,0,0,0,0,1
0,0,0,0,0,0,0,0,0,0,0,0,1
0,0,0,0,0,0,0,0,0,0,0,0,4
0,0,0,0,3,0,1,0,0,0,0,0,4
0,0,0,0,0,0,0,0,0,0,0,0,1
0,0,0,0,0,0,0,0,0,0,0,0,1
0,0,0,0,0,0,0,0,0,0,0,0,1
0,0,0,0,0,0,0,1,0,0,0,0,2
0,0,0,0,0,0,0,0,0,0,0,0,1
0,0,0,0,0,0,0,0,0,0,0,0,1
0,0,0,0,0,0,0,0,0,0,0,0,1
0,0,0,0,0,0,4,1,0,0,0,0,2
0,0,0,0,4,0,0,0,0,0,0,0,4
0,0,0,0,0,0,0,0,0,0,11,22,7
0,0,0,0,0,0,0,0,0,0,0,0,1
0,0,0,0,0,0,0,0,0,0,2,0,1
0,0,0,0,0,0,1,0,0,0,0,0,1
0,0,0,0,0,0,0,0,0,0,0,0,1
0,0,0,0,0,0,0,0,0,0,0,0,1
0,0,0,0,0,0,0,1,0,0,1,0,1
0,0,0,0,0,0,0,0,0,0,0,0,1
0,0,0,0,0,0,0,0,0,0,0,0,1
0,0,0,0,0,0,0,0,0,0,0,0,1
0,0,0,0,0,0,0,0,0,0,0,0,1
0,0,0,0,0,0,0,0,0,0,0,0,1
0,0,0,0,0,0,0,0,0,0,0,0,1
0,0,0,0,0,0,2,0,0,0,0,0,1
0,0,0,0,0,0,0,0,0,0,0,0,1
0,0,0,0,0,0,2,0,0,0,0,0,1
0,0,0,0,0,0,0,0,0,0,0,0,1
0,0,0,0,0,0,6,0,0,0,0,0,3
0,0,0,0,0,0,0,0,0,0,0,0,1
0,0,0,0,0,0,0,0,0,0,0,0,1
0,0,0,0,0,0,4,0,0,0,0,0,1
0,0,0,0,0,0,0,0,0,0,0,0,1
0,0,0,0,0,0,1,0,0,0,0,0,4
0,0,0,0,0,2,0,0,0,0,0,0,1
0,0,0,0,0,0,0,0,0,0,0,0,1
0,0,0,0,0,0,0,0,0,0,0,0,1
0,0,0,0,0,0,0,0,0,0,0,0,1
0,0,0,0,0,0,0,0,0,0,0,0,1
0,0,0,0,0,0,0,0,0,0,0,0,1
0,0,0,0,5,0,0,0,0,0,0,0,5
0,0,0,0,0,0,0,0,0,0,0,0,1
0,0,0,0,0,3,0,2,0,0,0,0,1
0,0,0,0,0,0,0,0,0,0,0,0,1
0,0,0,0,2,0,0,0,0,0,0,0,5
0,0,0,0,0,1,0,0,0,0,0,0,4
0,0,0,0,2,0,4,0,0,0,0,0,3
0,0,0,0,0,0,0,0,0,0,0,0,1
0,0,0,0,0,0,0,0,0,0,0,0,1
0,0,0,0,0,0,0,0,0,0,0,0,1
0,0,0,0,0,0,0,0,0,0,0,0,1
0,0,0,0,0,0,0,0,0,0,0,0,1
0,0,0,0,0,0,0,0,0,0,0,0,1
0,0,0,0,2,2,5,1,0,0,3,0,4
0,0,0,0,0,0,0,0,0,0,0,0,1
0,0,0,0,0,0,0,0,0,0,0,0,1
0,0,0,0,0,0,0,0,0,0,0,0,5
0,0,0,0,0,0,0,0,0,0,0,0,1
0,0,0,0,0,0,0,0,0,0,0,0,1
0,0,0,0,0,0,0,0,0,0,0,0,1
0,0,0,0,0,0,0,2,0,0,0,0,1
0,0,0,0,0,0,0,0,0,0,0,0,1
0,0,0,0,0,0,0,0,0,0,0,0,1
0,0,0,0,0,0,0,0,0,0,0,0,1
0,0,0,0,0,0,0,0,0,0,0,0,1
0,0,0,0,0,0,0,0,0,0,0,0,1
0,0,0,0,0,0,0,0,0,0,0,0,1
0,0,0,0,0,0,0,0,0,0,0,0,1
0,0,0,0,0,0,0,0,0,0,0,0,1
0,0,0,0,0,0,0,0,0,0,0,0,1
0,0,0,0,0,0,1,0,0,0,0,0,1
0,0,0,0,0,0,0,2,0,1,0,0,2
0,0,0,0,0,0,0,0,0,0,0,0,1
0,0,0,0,0,0,0,0,0,0,0,0,1
0,0,0,0,0,0,0,0,0,0,0,1,1
0,0,0,0,0,0,2,0,0,0,2,0,1
0,0,0,0,0,0,0,0,0,0,0,0,1
0,0,0,0,0,0,1,1,0,0,0,0,1
0,0,0,0,0,0,0,1,0,0,0,0,2
0,0,0,0,0,0,0,0,0,0,0,0,1
0,0,0,0,0,0,0,0,0,0,0,0,1
0,0,0,0,0,0,0,0,0,0,0,0,1
0,0,0,0,0,0,0,0,0,0,0,0,1
0,0,0,0,0,0,0,0,0,0,0,0,1
0,0,0,0,0,0,1,0,0,0,0,0,1
0,0,0,0,0,0,1,0,0,0,0,0,1
0,0,0,0,0,0,0,1,0,0,0,0,1
0,0,0,0,0,0,2,1,0,0,0,0,2
0,0,0,0,2,2,1,0,0,0,1,0,4
1,0,1,0,0,1,0,0,0,0,0,0,15
0,0,1,0,3,0,2,1,0,0,0,1,8
0,0,1,0,0,0,0,0,0,0,0,0,7
0,0,0,0,0,0,0,0,0,0,0,0,1
0,0,0,0,0,0,3,1,0,0,0,0,2
0,0,0,0,0,0,3,0,0,0,0,0,1
0,0,0,0,0,0,4,0,0,0,0,0,1
0,0,0,0,0,0,0,0,0,0,0,0,1
0,0,0,0,0,0,1,0,0,0,0,0,1
0,0,0,0,0,0,0,0,0,0,0,0,1
0,0,0,0,0,0,0,0,0,0,0,0,1
0,0,0,0,0,0,0,0,0,0,0,0,1
0,0,0,0,0,0,0,0,0,0,1,0,1
0,0,0,0,0,0,0,0,0,0,0,0,1
0,0,0,0,0,0,0,0,0,0,0,0,1
0,0,0,0,0,0,0,0,0,0,0,0,1
0,0,0,0,0,1,0,0,0,0,0,0,4
0,0,0,0,3,0,8,0,0,0,0,0,5
0,0,0,0,0,0,0,0,0,0,0,0,1
0,0,0,0,0,2,1,2,0,0,0,0,4
0,0,0,0,0,0,0,0,0,0,0,0,1
0,0,0,0,0,0,0,0,0,0,0,0,1
0,0,0,0,0,0,0,0,0,0,1,1,6
0,0,0,0,10,5,0,0,0,0,0,0,8
0,0,0,0,0,0,0,0,0,0,1,0,1
0,0,0,0,0,0,1,1,0,0,0,0,1
0,0,0,0,0,0,0,0,0,0,0,0,1
0,0,0,0,0,0,0,1,0,0,0,0,1
0,0,0,0,0,0,0,0,0,0,0,0,1
0,0,0,0,0,0,0,0,0,0,0,0,1
0,0,0,0,0,0,0,0,0,0,0,0,1
0,0,0,0,0,1,0,0,0,0,0,0,4
0,0,0,0,0,0,0,0,0,0,0,0,1
0,0,0,0,0,0,0,0,0,0,0,0,1
0,0,0,0,0,0,0,0,0,0,0,0,1
0,0,0,0,0,0,0,0,0,0,0,0,1
0,0,0,0,0,0,0,0,0,0,0,0,1
0,0,0,0,0,0,0,0,0,0,0,0,1
0,0,0,0,0,0,0,0,0,0,0,0,4
0,0,0,0,0,0,1,0,0,0,0,0,1
0,0,7,0,1,3,0,0,0,0,0,2,11
0,0,0,0,0,0,8,0,0,0,0,0,3
0,0,0,0,0,0,0,0,0,0,0,0,1
0,0,0,0,0,0,0,0,0,0,0,0,1
0,0,0,0,0,1,0,0,0,0,0,0,4
0,0,0,0,0,0,0,0,0,0,0,0,1
0,0,0,0,0,0,0,0,0,0,0,0,1
0,0,0,0,1,0,0,0,0,0,0,0,1
0,0,0,0,0,0,0,0,0,0,0,0,1
0,0,0,0,0,0,0,0,0,0,0,0,1
0,0,0,0,0,0,0,1,0,0,0,0,1
0,0,0,0,0,0,0,0,0,0,0,0,1
0,0,0,0,0,0,0,0,0,0,0,0,2
0,0,0,0,0,0,0,0,0,0,0,0,1
0,0,0,0,0,0,0,0,0,0,0,0,1
0,0,0,0,0,0,0,0,0,0,0,0,1
0,0,0,0,0,0,1,1,0,0,0,0,1
0,0,0,0,0,0,0,0,0,0,0,0,1
0,0,0,0,1,0,5,0,0,0,0,0,1
0,0,1,0,0,5,2,0,0,0,0,0,9
0,0,0,0,0,0,0,0,0,0,0,0,1
0,0,0,0,0,0,0,0,0,0,0,0,1
0,0,0,0,19,0,4,0,0,0,0,0,4
0,0,0,0,0,0,0,1,0,0,0,0,1
0,0,0,0,0,0,0,0,0,0,0,0,1
0,0,0,0,0,0,0,1,0,0,0,0,1
0,0,0,0,0,0,0,0,0,0,0,0,1
0,0,0,0,0,0,0,0,0,0,0,0,1
0,0,0,0,0,0,0,0,0,0,0,0,2
0,0,0,0,0,0,0,0,0,0,0,0,1
0,0,0,0,0,0,0,0,0,0,0,0,1
0,0,0,0,0,0,0,0,0,0,0,0,1
0,0,0,0,0,0,0,0,0,0,0,0,1
0,0,0,0,0,1,0,0,0,0,0,0,1
0,0,0,0,0,0,1,0,0,0,0,0,1
0,0,0,0,0,0,0,0,0,0,0,0,1
0,0,0,0,0,0,0,0,0,0,0,0,1
0,0,0,0,0,0,0,0,0,0,0,0,1
0,0,0,0,0,0,0,0,0,0,0,0,1
0,0,0,0,0,0,0,0,0,0,0,0,1
0,0,0,0,0,0,0,0,0,0,0,0,1
0,0,0,0,0,0,6,0,0,0,1,0,3
0,0,0,0,0,0,0,0,0,0,0,0,1
0,0,1,0,0,0,0,0,0,0,0,0,1
0,0,0,0,0,0,0,0,0,0,0,0,1
0,0,0,0,0,0,0,0,0,0,0,0,1
0,0,0,0,0,0,0,0,0,0,0,0,1
0,0,0,0,0,0,1,0,0,0,0,0,1
0,0,0,0,0,0,0,0,0,0,0,0,1
0,0,0,0,0,1,0,0,0,0,2,3,4
0,0,0,0,1,0,0,0,0,0,0,0,2
0,0,1,0,1,1,0,0,0,0,0,0,7
0,0,0,0,0,0,0,0,0,0,0,0,1
0,0,0,0,0,0,0,0,0,0,0,0,1
0,0,0,0,0,0,0,0,0,0,0,0,1
0,0,0,0,0,0,5,0,0,0,0,0,1
0,0,0,0,0,0,0,0,0,0,0,0,1
0,0,0,0,0,0,0,1,0,0,0,0,2
0,0,0,0,0,0,0,0,0,0,0,0,1
0,0,0,0,0,0,0,0,0,0,0,0,1
0,0,0,0,0,0,0,0,0,0,0,0,1
0,0,0,0,0,0,0,0,0,0,0,0,1
0,0,0,0,0,0,0,0,0,0,0,0,1
0,0,0,0,0,0,0,0,0,0,0,0,1
0,0,0,0,1,0,0,0,0,0,0,0,4
0,0,0,0,2,0,0,4,0,5,49,3,1
0,0,0,0,0,0,1,0,0,0,0,0,1
0,0,0,0,0,0,0,0,0,0,0,0,1
0,0,0,0,0,0,0,0,0,0,0,0,1
0,0,0,0,0,0,0,0,0,0,0,0,1
0,0,0,0,0,0,1,0,0,0,0,0,1
0,0,1,0,0,0,1,0,0,0,0,0,7
0,0,0,0,0,0,0,0,0,0,0,0,1
0,0,0,0,0,0,0,0,0,0,0,0,5
0,0,0,0,0,0,0,0,0,0,0,0,1
0,0,0,0,0,0,0,0,0,0,0,0,2
0,0,0,0,0,0,5,0,0,0,0,0,2
0,0,0,0,0,0,0,0,0,0,0,0,1
0,0,0,0,0,0,0,0,0,0,0,0,1
0,0,0,0,0,1,0,0,0,0,0,0,4
0,0,1,0,0,0,0,0,0,3,0,23,7
0,0,0,0,0,0,1,0,0,0,0,0,1
0,0,0,0,0,0,0,2,0,0,0,0,1
0,0,0,0,0,0,0,0,0,0,0,0,1
0,0,0,0,0,0,0,0,0,0,0,0,1
0,0,0,0,0,0,0,0,0,0,12,9,1
0,0,0,0,0,0,0,0,0,0,0,0,1
0,0,0,0,0,0,0,0,0,0,0,0,1
0,0,0,0,0,0,0,0,0,0,0,0,1
0,0,0,0,0,0,0,0,0,0,0,0,1
0,0,0,0,0,0,1,0,0,0,0,0,2
0,0,0,0,0,0,0,1,0,0,0,0,1
0,0,0,0,0,0,0,0,0,0,0,0,1
0,0,0,0,0,0,1,0,0,0,0,0,1
0,0,0,0,0,0,0,0,0,0,0,0,1
0,0,0,0,0,0,0,0,0,0,0,0,1
0,0,0,0,0,0,1,0,0,0,0,0,1
0,0,0,0,0,0,0,1,0,0,0,0,7
0,0,0,0,0,0,0,0,0,0,0,0,1
0,0,0,0,0,0,0,0,0,0,0,0,1
0,0,0,0,0,0,0,0,0,0,0,0,1
0,0,0,0,0,0,2,1,0,0,0,0,2
0,0,0,0,0,0,0,0,0,0,0,0,1
0,0,0,0,0,0,0,0,0,0,0,0,1
0,0,0,0,0,0,0,0,0,0,0,1,1
0,0,0,0,0,0,0,0,0,0,0,0,1
0,0,0,0,0,0,0,0,0,0,0,0,1
0,0,0,0,0,0,0,0,0,0,0,0,1
0,0,0,0,0,0,1,0,0,0,0,0,1
0,0,0,0,0,0,0,0,0,0,1,0,1
0,0,0,0,0,0,0,0,0,0,0,0,1
0,0,0,0,0,0,0,0,0,0,0,0,1
0,0,2,0,0,1,1,0,0,0,5,0,7
0,0,0,0,0,1,0,0,0,0,0,0,4
0,0,0,0,0,0,2,0,0,0,0,0,1
0,0,0,0,0,0,0,0,0,0,0,0,1
0,0,0,0,0,0,0,0,0,0,0,1,1
0,0,0,0,3,1,0,1,0,0,0,0,3
0,0,0,0,0,0,2,1,0,0,0,0,4
0,0,0,0,0,0,0,0,0,0,0,0,1
0,0,0,0,0,0,0,0,0,0,0,0,1
0,0,0,0,0,0,0,0,0,0,0,0,1
0,0,0,0,0,0,0,2,0,0,0,0,2
0,0,0,0,0,0,0,0,0,0,0,0,1
0,0,0,0,0,0,0,0,0,0,0,0,1
0,0,0,0,0,0,0,0,0,0,0,0,1
0,0,0,0,0,1,2,1,0,0,0,0,4
0,0,0,0,0,0,0,0,0,0,0,0,1
0,0,0,0,1,0,0,0,0,0,0,0,2
0,0,0,0,0,0,0,0,0,0,0,0,1
0,0,0,0,0,0,0,0,0,0,0,0,1
0,0,0,0,0,0,0,0,0,0,0,0,1
0,0,0,0,0,0,0,0,0,0,0,0,1
0,0,0,0,0,0,2,0,0,0,0,0,7
0,0,0,0,0,0,0,0,0,0,0,0,1
0,0,0,0,0,1,3,2,0,0,0,0,4
0,0,0,0,0,0,2,0,0,0,0,0,1
0,0,0,0,0,0,0,0,0,1,0,0,1
0,0,0,0,0,0,0,0,0,0,0,0,1
0,0,0,0,0,0,1,0,0,0,0,0,1
0,0,0,0,0,0,0,0,0,0,0,0,1
0,0,0,0,0,0,0,0,0,0,0,0,1
0,0,0,0,0,0,0,0,0,0,0,0,1
0,0,0,0,0,0,0,0,0,0,0,0,1
0,0,0,0,0,0,1,0,0,0,0,0,1
0,0,0,0,1,0,0,0,0,0,0,0,2
0,0,0,0,0,0,0,1,0,0,0,0,1
0,0,0,0,0,0,1,0,0,0,0,0,1
0,0,0,0,0,0,0,0,0,0,0,0,1
0,0,0,0,0,0,3,0,0,0,0,0,1
0,0,0,0,0,0,0,0,0,0,0,0,1
0,0,0,0,0,0,2,0,0,0,0,0,1
0,0,0,0,0,0,2,0,0,0,0,0,1
0,0,0,0,0,0,0,0,0,0,0,0,1
0,0,0,0,5,0,3,0,0,0,0,0,3
0,0,0,0,0,0,0,0,0,0,0,0,1
0,0,0,0,0,0,0,0,0,0,0,0,1
0,0,0,0,1,3,3,0,0,1,1,0,6
0,0,0,0,0,0,1,0,0,0,0,0,2
0,0,0,0,0,0,0,0,0,0,0,0,4
0,0,0,0,0,0,0,0,0,0,0,0,1
0,0,0,0,0,0,1,0,0,0,0,0,1
0,0,1,0,0,0,2,0,1,0,0,1,7
0,0,0,0,0,0,0,0,0,0,0,0,1
0,0,0,0,0,0,0,0,0,0,6,0,1
0,0,7,0,22,7,44,27,0,0,0,0,15
0,0,0,0,0,0,0,0,0,0,5,0,5
0,0,0,0,0,0,0,0,0,0,0,0,1
0,0,0,0,0,0,0,0,0,0,1,0,1
0,0,0,0,0,0,0,0,0,0,0,0,1
0,0,0,0,0,0,0,0,0,0,0,0,1
0,0,1,0,0,0,0,0,0,0,0,0,1
0,0,0,0,0,0,1,0,0,0,0,0,1
0,0,0,0,0,0,0,0,0,0,0,0,1
0,0,0,0,0,0,0,0,0,0,0,0,1
0,0,0,0,0,0,0,0,0,0,0,0,1
0,0,1,0,0,0,5,0,0,0,0,0,7
0,0,0,0,0,0,0,9,0,0,0,0,5
0,0,0,0,0,0,0,0,0,0,0,0,1
0,0,0,0,0,0,0,0,0,0,0,0,1
0,0,0,0,0,0,0,0,0,1,8,2,1
0,0,0,0,1,1,0,1,0,0,0,0,4
0,0,0,0,0,0,1,0,0,0,0,0,4
0,0,0,0,0,0,0,1,0,0,0,0,1
0,0,0,0,0,0,0,0,0,0,0,0,1
0,0,0,0,0,1,0,0,0,0,0,0,1
0,0,0,0,0,0,0,0,0,0,0,0,1
0,0,0,0,0,0,0,0,0,0,0,0,1
0,0,0,0,0,0,6,0,0,0,0,0,4
0,0,0,0,0,0,5,1,0,0,0,1,3
0,0,2,0,0,1,2,0,1,0,8,21,4
0,0,0,0,0,2,0,0,0,0,0,0,5
0,0,0,0,0,0,0,0,0,0,0,0,6
0,0,0,0,0,0,0,0,0,0,0,1,1
0,0,0,0,0,0,0,0,0,0,0,0,1
0,0,1,0,0,3,7,1,0,0,5,9,8
0,0,0,0,0,0,0,1,0,0,1,0,1
0,0,0,0,1,0,2,0,0,0,0,0,4
0,0,0,0,0,0,0,0,0,0,0,0,1
0,0,0,0,0,0,0,0,0,0,0,0,1
0,0,2,0,1,3,7,3,0,0,2,0,8
0,0,0,0,0,0,3,1,1,0,0,0,4
0,0,0,0,0,0,1,0,0,0,2,0,1
0,0,0,0,0,0,0,0,0,0,0,0,1
0,0,0,0,0,0,0,0,0,0,0,0,1
0,0,0,0,0,0,0,0,0,0,0,0,1
0,0,0,0,0,0,0,0,0,0,0,0,1
0,0,0,0,0,0,0,0,0,0,0,0,1
0,0,0,0,0,0,0,0,0,0,0,0,1
0,0,0,0,0,0,2,0,0,0,0,0,1
0,0,0,0,0,0,0,0,0,0,0,0,1
0,0,0,0,0,0,0,0,0,0,0,0,1
0,0,0,0,0,0,1,0,0,0,0,0,1
0,0,0,0,0,0,3,0,0,0,0,0,1
0,0,0,0,0,0,1,0,0,0,0,0,1
0,0,0,0,0,0,0,1,0,0,1,1,1
0,0,0,0,0,0,0,0,1,0,5,0,2
0,0,0,0,0,0,0,0,0,0,0,0,1
0,0,0,0,0,0,0,0,0,0,1,0,3
0,0,0,0,0,0,0,0,0,0,0,0,1
0,0,0,0,0,0,0,0,0,0,0,0,1
0,0,0,0,0,0,0,0,0,0,0,0,1
0,0,0,0,0,0,0,0,0,0,0,0,1
0,0,0,0,0,0,0,0,0,0,0,0,1
0,0,1,0,0,0,0,0,0,0,0,0,1
0,0,0,0,0,0,1,0,0,0,0,0,1
0,0,0,0,0,0,4,1,0,0,0,0,1
0,0,0,0,0,0,0,0,0,0,0,0,1
0,0,0,0,0,0,1,0,0,0,0,0,1
0,0,0,0,0,0,0,0,0,0,0,0,1
0,0,0,0,0,0,0,0,0,0,0,0,1
0,0,0,0,0,0,0,0,0,0,0,0,1
0,0,0,0,0,0,0,0,0,0,0,0,1
0,0,0,0,0,0,0,0,0,0,0,0,1
0,0,0,0,0,0,0,0,0,0,0,0,1
0,0,0,0,0,5,0,0,0,0,3,0,7
0,0,0,0,0,0,0,0,0,0,0,0,1
0,0,0,0,0,0,0,0,0,0,0,0,1
0,0,0,0,0,0,0,0,0,0,0,0,1
0,0,1,0,0,0,1,22,0,10,1,0,11
0,0,0,0,0,0,0,1,0,0,0,0,1
0,0,0,0,0,0,0,0,0,0,0,0,1
0,0,0,0,0,0,0,0,0,0,0,0,1
0,0,0,0,0,0,0,0,0,0,0,0,1
0,0,0,0,1,0,0,0,0,0,0,1,2
0,0,0,0,0,0,0,0,0,0,0,0,1
0,0,0,0,0,0,0,0,0,0,0,0,1
0,0,0,0,0,0,2,0,0,0,0,0,2
0,0,0,0,0,0,2,0,0,0,0,0,5
0,0,0,0,0,1,0,0,0,0,2,0,5
0,0,0,0,0,0,1,0,0,0,0,0,1
0,0,0,0,0,0,0,0,0,1,7,0,3
0,0,0,0,0,1,0,0,0,0,0,2,4
0,0,0,0,0,0,0,0,0,0,0,0,1
0,0,1,0,0,0,0,0,0,0,3,12,2
0,0,0,0,0,0,0,0,0,0,0,0,1
0,0,0,0,0,0,3,0,0,0,0,0,1
0,0,0,0,0,0,0,0,0,0,0,0,4
0,0,0,0,0,0,0,0,0,0,0,0,1
0,0,0,0,0,0,0,0,0,0,0,0,1
0,0,3,0,0,5,1,0,0,0,0,0,10
0,0,0,0,0,0,1,0,0,0,0,0,1
0,0,0,0,0,0,0,0,0,0,0,0,1
0,0,0,0,0,0,0,0,0,0,0,0,1
0,0,0,0,0,0,0,0,0,0,0,0,1
0,0,0,0,0,0,4,1,0,0,0,0,1
0,0,0,0,0,0,0,0,0,0,0,0,1
0,0,0,0,0,0,0,0,0,0,0,0,1
0,0,0,0,0,0,0,0,0,0,0,0,1
0,0,0,0,0,0,0,0,0,0,0,0,1
0,0,0,0,0,0,0,1,0,0,0,0,2
0,0,0,0,0,0,0,0,0,0,0,0,1
0,0,0,0,0,0,0,0,0,0,0,0,1
0,0,0,0,3,2,1,1,0,0,22,1,6
0,0,0,0,0,0,0,0,0,0,0,0,1
0,0,0,0,0,0,0,0,0,0,0,0,4
0,0,0,0,0,0,0,1,0,0,0,0,1
0,0,0,0,0,0,0,0,0,0,0,0,1
0,0,0,0,0,0,0,0,0,0,0,0,1
0,0,0,0,0,0,0,0,0,0,0,0,1
0,0,0,0,0,0,0,0,0,0,0,0,1
0,0,0,0,0,1,0,0,0,0,0,0,4
0,0,0,0,0,0,1,0,0,0,0,0,1
0,0,0,0,2,0,0,0,0,0,1,0,4
0,0,0,0,0,0,0,0,0,0,0,0,1
0,0,0,0,0,0,0,0,0,0,0,0,1
0,0,0,0,0,0,1,0,0,0,0,0,1
0,0,2,0,0,0,38,1,0,0,14,20,10
0,0,0,0,0,0,0,0,0,0,0,0,1
0,0,0,0,0,0,0,0,0,0,0,0,1
0,0,0,0,0,0,0,0,0,0,0,0,1
0,0,0,4,19,4,10,21,0,2,10,3,15
0,0,0,0,0,0,0,0,0,0,0,0,1
0,0,0,0,0,0,1,0,0,0,0,0,1
0,0,0,0,0,0,0,0,0,0,0,0,1
0,0,0,0,0,0,0,0,0,0,0,0,1
0,0,0,0,0,0,0,0,0,0,0,0,1
0,0,0,0,0,0,0,0,0,0,0,0,1
0,0,0,0,0,0,0,0,0,0,0,0,1
0,0,0,0,0,0,0,0,0,0,0,0,1
0,0,0,0,0,0,3,0,0,0,0,0,1
0,0,0,0,0,0,0,0,0,0,0,0,1
0,0,0,0,0,0,2,0,0,0,0,0,2
0,0,0,0,0,0,0,0,0,0,0,0,1
0,0,1,0,0,0,0,0,0,0,0,0,6
0,0,0,0,0,0,0,0,0,0,0,0,1
0,0,0,0,5,0,0,3,0,0,0,0,6
0,0,0,0,0,1,0,1,0,0,0,0,4
0,0,0,0,0,0,0,0,0,0,0,0,1
0,0,0,0,0,0,0,0,0,0,0,0,1
0,0,0,0,0,0,0,0,0,0,0,0,1
0,0,0,0,0,0,0,0,0,0,0,0,1
0,0,0,0,0,0,0,0,0,0,0,0,1
0,0,0,0,0,0,0,0,0,0,0,0,1
0,0,0,0,0,0,0,0,0,0,0,0,1
0,0,0,0,1,3,2,0,0,0,10,1,6
0,0,0,0,0,0,1,0,0,0,0,0,1
0,0,0,0,0,0,0,0,0,0,0,0,1
0,0,0,0,0,1,1,0,0,0,0,0,4
0,0,0,0,0,0,0,0,0,0,0,0,1
0,0,2,0,0,1,42,2,0,0,1,0,10
0,0,1,0,0,0,0,0,1,0,0,0,6
0,0,0,0,0,0,13,2,0,0,1,0,5
0,0,0,0,0,0,1,0,0,0,0,0,1
0,0,0,0,0,0,0,0,0,0,0,0,1
0,0,0,0,0,0,0,0,0,0,0,0,1
0,0,0,0,0,1,0,0,0,0,0,0,4
0,0,0,0,0,0,1,0,0,0,0,0,6
0,0,0,0,0,0,0,0,0,0,0,0,1
0,0,0,0,0,0,0,0,0,0,0,0,1
0,0,0,0,0,0,0,0,0,1,0,0,1
0,0,0,0,0,0,0,0,0,0,0,0,1
0,0,0,0,0,0,0,0,0,0,0,0,2
0,0,0,0,0,1,0,0,0,0,0,0,4
0,0,0,0,0,0,0,0,0,0,0,0,1
0,0,0,0,0,0,0,0,0,0,0,0,4
0,0,0,0,1,0,1,1,0,0,0,0,8
0,0,0,0,0,0,0,0,0,0,0,0,1
0,0,0,0,0,0,0,0,0,0,0,0,1
0,0,11,0,0,1,37,0,7,0,3,0,15
0,0,0,0,0,0,0,0,0,0,0,0,1
0,0,0,0,0,0,0,0,0,0,0,0,1
0,0,0,0,0,0,0,0,0,0,0,0,1
0,0,0,0,0,0,0,0,0,0,0,0,1
0,0,0,0,0,0,0,0,0,0,0,0,1
0,0,0,0,0,0,0,0,0,0,0,0,1
0,0,0,0,0,0,0,0,0,0,0,0,1
0,0,0,0,0,0,0,0,0,0,0,0,1
0,0,0,0,0,0,0,0,0,0,0,0,1
0,0,10,0,0,8,9,7,0,0,22,65,11
0,0,0,0,0,0,1,1,0,0,0,0,2
0,0,0,0,0,0,0,0,0,1,9,1,1
0,0,2,0,1,1,18,14,0,0,0,0,10
0,0,0,0,0,0,0,0,0,0,0,0,1
0,0,0,0,1,0,2,0,0,2,8,0,2
0,0,0,0,0,0,0,0,0,0,0,0,1
0,0,0,0,0,0,0,0,0,0,0,0,1
0,0,0,0,0,0,0,0,0,0,1,0,1
0,0,0,0,0,0,0,1,0,0,0,0,1
0,0,0,0,0,0,0,0,0,0,0,0,1
0,0,0,0,0,0,0,1,0,0,0,0,1
0,0,0,0,0,0,0,0,0,0,0,0,1
0,0,0,0,0,0,0,0,0,0,0,0,1
0,0,0,0,0,0,0,0,0,0,0,0,5
0,0,0,0,0,0,1,0,0,0,0,0,1
0,0,0,0,0,0,0,0,0,0,0,0,1
0,0,0,0,0,1,0,0,0,0,0,0,4
0,0,0,0,0,0,2,0,0,0,0,0,1
0,0,0,0,0,0,0,0,0,0,0,0,1
0,0,0,0,1,0,1,0,0,0,0,0,1
0,0,0,0,0,0,0,0,0,0,0,0,1
0,0,0,0,0,0,0,0,0,0,0,0,1
0,0,1,0,0,4,1,0,0,0,3,14,11
0,0,0,0,0,0,0,0,0,0,0,0,1
0,0,0,0,0,0,7,0,0,0,0,0,1
0,0,0,0,1,0,4,0,0,0,0,0,2
0,0,0,0,0,0,0,0,0,0,0,0,1
0,0,0,0,0,0,0,0,0,0,0,0,2
0,0,0,0,0,0,0,0,0,0,0,0,1
0,0,0,0,0,0,1,0,0,0,0,0,1
0,0,0,0,0,0,1,0,0,0,1,0,1
0,0,0,0,0,0,0,0,0,0,0,0,1
0,0,0,0,0,1,0,0,0,0,0,0,3
0,0,0,0,5,0,0,0,0,1,0,0,5
0,0,0,0,0,0,0,0,0,0,0,0,1
0,0,0,0,0,1,0,1,0,0,0,0,4
0,0,0,0,0,0,0,1,0,0,0,0,1
0,0,0,0,0,0,0,0,0,0,0,0,1
0,0,0,0,0,0,0,0,0,0,0,1,1
0,0,0,0,0,0,0,0,0,0,0,0,1
0,0,1,0,2,0,0,0,0,0,0,0,8
0,0,0,0,0,0,0,0,0,0,0,0,1
0,0,0,0,0,0,0,0,0,0,0,0,1
0,0,0,0,9,0,0,0,0,0,0,0,7
0,0,0,0,0,0,0,0,0,0,0,0,15
0,0,0,0,0,0,0,1,0,0,0,0,1
0,0,0,0,0,0,1,0,0,0,1,1,1
0,0,1,0,0,0,1,0,0,0,0,0,8
0,0,0,0,0,1,5,0,0,0,1,1,2
0,0,5,0,0,9,5,0,0,0,0,0,11
0,0,0,0,0,0,0,0,0,0,0,0,1
0,0,0,0,0,0,0,0,0,0,0,0,1
0,0,0,0,0,0,0,0,0,0,0,0,1
0,0,0,0,0,0,0,0,0,0,0,1,1
0,0,0,0,0,0,1,0,0,0,0,0,1
0,0,0,0,0,0,0,0,0,0,0,0,1
0,0,0,0,0,0,0,0,0,0,0,0,1
0,0,0,0,0,0,0,0,0,0,0,0,1
0,0,0,0,0,0,0,0,0,0,1,0,1
0,0,0,0,0,0,24,0,0,0,0,0,4
0,0,0,0,0,0,0,0,0,0,0,0,1
0,0,0,0,0,0,0,0,0,0,0,0,1
0,0,0,0,0,0,2,0,0,0,0,0,1
0,0,2,0,0,4,35,0,0,0,5,4,10
0,0,0,0,0,0,0,0,0,0,0,0,1
0,0,0,0,0,0,0,0,0,0,0,0,1
0,0,0,0,0,0,0,0,0,0,0,0,1
0,0,0,0,0,0,0,0,0,0,0,0,1
0,0,0,0,0,0,0,0,0,0,0,0,6
0,0,0,0,0,0,0,0,0,0,0,0,1
0,0,0,0,0,0,0,0,0,0,0,0,1
0,0,0,0,0,0,0,0,0,0,0,0,1
0,0,0,0,0,0,0,0,0,0,0,0,1
0,0,0,0,0,1,9,0,0,0,0,1,6
0,0,0,0,0,3,8,1,0,0,2,0,7
0,0,0,0,0,0,0,0,0,0,0,0,1
0,0,0,0,0,0,0,1,0,0,0,0,1
0,0,0,0,0,0,0,0,0,0,0,0,1
0,0,0,0,0,0,0,0,0,0,0,0,1
0,0,0,0,0,0,0,0,0,0,0,0,1
0,0,0,0,0,0,0,0,0,0,0,0,1
0,0,0,0,0,0,1,0,0,0,0,0,1
0,0,0,0,0,0,1,0,0,0,7,1,4
0,0,0,0,0,0,1,0,0,0,0,0,1
0,0,0,0,0,0,0,0,0,0,0,0,1
0,0,0,0,0,0,0,0,0,0,0,0,1
0,0,0,0,0,0,0,0,0,0,0,0,1
0,0,0,0,0,1,0,0,0,0,0,0,3
0,0,0,0,0,0,0,0,0,0,0,0,1
0,0,0,0,2,5,4,5,0,0,1,0,8
0,0,0,0,0,0,0,0,0,0,0,0,3
0,0,0,0,0,0,0,2,0,0,0,0,2
0,0,0,0,1,0,5,0,0,0,0,0,3
0,0,0,0,0,0,0,0,0,0,0,0,1
0,0,1,0,1,1,0,0,0,0,0,0,4
0,0,0,0,0,1,0,0,0,0,0,0,3
0,0,0,0,0,0,2,0,0,0,0,0,1
0,0,0,0,0,0,0,0,0,0,0,0,1
0,0,0,0,0,0,0,0,0,0,0,0,1
0,0,0,0,0,0,0,0,0,0,0,0,1
0,0,0,0,0,0,0,1,0,0,0,0,3
0,0,0,0,0,0,0,0,0,0,0,0,1
0,0,1,0,0,0,11,0,0,0,0,2,7
0,0,0,0,0,0,3,2,0,0,0,0,2
0,0,0,0,0,0,0,0,0,0,0,0,1
0,0,0,0,0,1,1,0,0,0,0,0,4
0,0,0,0,0,0,0,0,0,0,0,0,1
0,0,0,0,0,0,0,0,0,0,0,0,1
0,0,0,0,0,0,1,0,0,0,0,0,1
0,0,0,0,1,0,1,0,0,0,0,0,1
0,0,0,0,1,0,0,0,0,0,0,0,3
0,0,0,0,0,0,0,0,0,0,0,0,2
0,0,0,0,0,0,1,0,0,0,1,0,1
0,0,1,0,1,0,3,0,0,0,0,0,9
0,0,0,0,0,0,1,0,0,0,0,0,1
0,0,0,0,0,0,0,0,0,0,0,0,2
0,0,0,0,0,0,0,0,0,0,1,0,4
0,0,0,0,0,0,0,0,0,0,0,0,1
0,0,2,0,5,5,2,0,0,0,11,9,9
0,0,0,0,0,0,1,0,0,0,0,0,1
0,0,0,0,0,0,1,1,0,0,0,0,2
0,0,0,0,1,2,3,0,0,2,3,2,5
0,0,3,0,0,2,2,1,0,0,2,5,7
0,0,0,0,0,0,0,1,0,0,0,0,1
0,0,0,0,0,0,0,0,0,0,0,0,1
0,0,0,0,0,0,2,0,0,0,0,0,2
0,0,0,0,0,0,0,0,0,0,0,1,1
0,0,0,0,0,2,5,0,0,0,6,0,5
0,0,0,0,1,0,0,0,0,0,0,0,2
0,0,0,0,0,0,1,2,0,0,0,0,3
0,0,1,0,4,0,33,2,0,1,6,3,10
0,0,0,0,0,0,0,0,0,0,0,0,1
0,0,1,0,0,0,15,0,0,0,3,0,4
0,0,0,0,0,0,0,0,0,0,0,0,1
0,0,0,0,0,1,0,0,0,0,0,0,1
0,0,0,0,0,0,2,0,0,0,2,0,1
0,0,0,0,0,0,0,0,0,0,0,0,1
0,0,0,0,0,0,0,0,0,0,0,0,3
0,0,0,0,0,0,0,0,0,0,0,0,1
0,0,0,0,0,0,0,0,0,0,0,0,1
0,0,0,0,0,0,0,0,0,0,0,0,3
0,0,0,0,0,0,11,1,0,0,0,0,3
0,0,0,0,0,0,1,1,0,0,0,0,1
0,0,0,0,0,0,0,0,0,0,0,0,1
0,0,0,0,0,0,0,1,0,0,0,0,1
0,0,0,0,0,0,0,0,0,0,0,0,1
0,0,0,0,0,0,3,0,0,0,0,0,5
0,0,0,0,0,1,0,3,0,0,0,0,4
0,0,0,0,0,0,0,0,0,0,0,0,1
0,0,0,0,0,0,0,1,0,0,0,0,1
0,0,0,0,0,0,0,0,0,0,0,0,1
0,0,0,0,0,0,20,0,0,0,0,0,3
0,0,0,0,0,0,0,0,0,0,0,0,1
0,0,1,0,0,0,4,0,0,0,5,0,4
0,0,0,0,0,1,20,0,0,0,0,3,4
0,0,0,0,0,0,0,0,0,0,0,0,1
0,0,0,0,0,0,0,0,0,0,0,0,1
0,0,0,0,0,0,2,0,0,0,0,0,1
0,0,0,0,0,0,0,0,0,0,0,0,1
0,0,0,0,0,0,0,0,0,0,0,0,1
0,0,2,0,0,3,0,0,0,0,0,0,8
0,0,3,0,0,9,31,2,1,0,0,0,10
0,0,0,0,1,0,0,0,0,0,0,0,1
0,0,0,0,0,0,2,0,0,0,0,0,1
0,0,0,0,0,0,0,0,0,0,0,0,1
0,0,0,0,0,0,0,0,0,0,0,0,1
0,0,0,0,0,0,2,0,0,0,0,0,1
0,0,0,0,0,0,0,2,0,0,0,0,2
0,0,0,0,0,1,6,0,0,0,0,0,2
0,0,1,0,0,0,6,2,0,0,6,0,7
0,0,2,0,0,0,0,0,1,0,0,0,6
0,0,0,0,0,0,0,1,0,0,4,0,1
0,0,0,0,0,0,3,0,1,0,0,0,2
0,0,0,0,0,0,0,0,0,0,0,0,1
0,0,0,0,0,0,5,2,0,0,5,1,3
0,0,0,0,1,0,2,0,0,0,0,0,4
0,0,0,0,0,0,0,0,0,0,0,0,4
0,0,0,0,0,0,0,0,0,0,0,0,1
0,0,0,0,0,1,2,2,0,0,0,0,3
0,0,0,0,0,0,0,0,0,0,0,0,1
0,0,0,0,0,0,0,0,0,0,0,0,1
0,0,0,0,0,0,0,0,0,0,0,1,1
0,0,0,0,0,0,0,0,0,0,0,0,1
0,0,0,0,0,1,0,1,0,0,0,0,4
0,0,0,0,0,0,0,0,0,0,0,0,1
0,0,1,0,0,0,4,0,0,0,6,7,10
0,0,0,0,0,0,0,0,0,0,0,0,1
0,0,0,0,0,0,10,0,0,0,1,0,3
0,0,0,0,0,0,0,0,0,0,0,0,1
0,0,0,0,0,0,0,0,0,0,0,0,1
0,0,0,0,0,0,0,0,0,0,0,0,1
0,0,0,0,0,0,0,0,0,0,0,0,1
0,0,0,0,2,0,2,0,0,0,0,0,2
0,0,0,0,0,0,0,0,0,0,0,0,1
0,0,0,0,0,0,0,0,0,0,0,0,1
0,0,0,0,0,1,26,1,0,0,0,3,5
0,0,0,0,1,0,6,0,0,0,0,0,1
0,0,1,0,1,1,4,2,0,0,10,3,8
0,0,0,0,0,2,2,1,0,0,0,0,1
0,0,2,0,0,0,8,1,0,0,0,0,8
0,0,0,0,0,0,2,1,0,0,0,0,2
0,0,0,0,0,0,0,0,0,0,0,0,4
0,0,0,0,0,0,0,0,0,0,0,0,1
0,0,1,0,0,0,0,0,0,0,0,0,1
0,0,0,0,1,0,3,1,0,0,0,0,4
0,0,0,0,0,0,3,0,0,0,4,0,1
0,0,0,0,0,0,0,0,0,0,0,0,1
0,0,3,0,0,0,13,2,1,0,8,1,10
0,0,0,0,0,0,1,0,0,0,0,0,1
0,0,0,0,1,0,0,0,0,0,2,0,2
0,0,0,0,2,0,2,0,0,0,0,0,4
0,0,0,0,0,0,0,1,0,0,0,0,3
0,0,2,0,0,1,4,0,0,1,1,0,4
0,0,0,0,1,0,13,0,0,0,0,0,5
0,0,3,0,0,3,13,0,0,0,0,0,8
0,0,0,0,0,0,0,0,0,0,1,0,1
0,0,0,0,0,0,8,0,1,0,0,0,4
0,0,0,0,14,5,11,2,0,0,0,0,10
0,0,0,0,0,0,1,0,0,0,0,0,1
1,0,1,0,0,6,0,9,0,0,0,0,8
0,0,0,0,0,0,1,0,0,0,0,0,1
0,0,0,0,0,1,8,2,0,1,9,5,4
0,0,0,0,0,0,0,0,0,0,0,0,1
0,0,0,0,0,0,3,0,0,0,0,0,1
0,0,1,0,0,3,0,0,1,1,5,0,5
0,0,0,0,0,0,0,0,0,0,0,0,1
0,0,0,0,0,0,0,2,0,0,0,0,1
0,0,1,0,0,7,0,0,0,0,0,0,10
0,0,0,0,0,0,0,1,0,0,0,0,1
0,0,0,0,0,0,1,1,0,0,0,0,2
0,0,0,0,0,0,1,0,0,1,0,0,3
0,0,3,0,0,0,21,1,1,0,0,0,4
0,0,2,0,0,13,14,1,0,0,5,21,9
0,0,0,0,0,0,8,1,0,0,0,0,4
0,0,8,0,0,1,13,0,0,2,12,38,15
0,0,0,0,0,0,0,0,0,0,0,0,1
0,0,0,0,0,0,0,0,0,0,0,0,1
0,0,0,0,0,0,2,0,0,1,2,1,3
0,0,0,0,0,0,0,0,0,0,0,0,1
0,0,0,0,0,0,8,0,0,0,0,0,3
0,0,1,0,0,0,0,0,0,0,0,0,1
0,0,0,0,1,0,0,4,0,0,0,0,3
0,0,0,0,4,1,9,0,0,0,1,0,5
0,0,0,0,0,0,0,0,0,0,0,0,1
0,0,1,0,1,3,8,0,1,0,5,2,6
0,0,0,0,0,0,0,0,0,0,0,0,1
0,0,0,0,0,0,9,0,0,0,0,0,2
0,0,1,0,6,4,46,2,0,0,2,0,9
0,0,0,0,0,0,9,1,0,0,1,0,8
0,0,0,0,0,1,11,0,0,0,1,0,4
0,0,0,0,0,0,0,0,0,0,0,0,1
0,0,0,0,0,0,0,0,0,0,0,0,1
0,0,0,0,0,0,3,0,1,0,0,0,7
0,0,0,0,0,1,2,0,0,0,0,0,4
0,0,0,0,5,2,22,0,0,0,18,24,7
0,0,0,0,0,0,0,0,0,0,0,0,1
0,0,0,0,0,0,0,0,0,0,0,0,6
0,0,0,1,0,0,0,0,0,0,0,0,4
0,0,0,0,0,0,0,0,0,0,0,0,1
0,0,0,0,0,0,16,0,0,1,9,6,8
0,0,2,0,0,4,1,0,0,0,0,0,4
0,0,0,0,0,0,0,0,0,0,0,0,1
0,0,0,0,0,0,1,0,0,0,2,1,8
0,0,0,0,0,0,0,0,0,0,0,0,1
0,0,0,0,0,0,0,0,0,0,0,0,1
0,0,0,0,0,0,28,0,0,0,8,39,4
0,0,0,0,0,0,1,0,1,2,0,0,2
0,0,0,0,0,0,0,0,0,0,2,6,1
0,0,0,0,0,0,4,2,0,0,0,0,4
0,0,3,0,1,1,4,4,0,1,14,1,8
0,0,0,0,0,0,0,2,0,0,0,0,2
0,0,0,0,0,0,0,0,0,0,0,0,1
0,0,1,0,0,0,3,0,0,0,0,0,4
0,0,0,0,0,0,0,0,0,0,0,0,1
0,0,0,0,5,0,3,2,0,3,8,4,7
0,0,5,0,2,0,27,1,3,2,7,0,10
0,0,0,0,0,0,4,0,0,0,0,0,2
0,0,1,0,0,1,13,0,0,0,13,7,7
0,0,0,0,0,0,0,1,0,0,0,0,1
0,0,2,0,0,6,31,0,0,2,7,0,8
0,0,1,0,0,0,0,0,0,1,1,0,7
0,0,0,0,0,0,0,0,0,0,0,0,1
0,0,2,0,0,0,2,1,0,0,8,7,8
0,0,0,0,0,0,0,0,0,0,0,0,1
0,0,0,0,0,0,0,0,0,0,0,0,1
0,0,0,0,0,0,5,0,0,0,0,1,3
0,0,0,0,0,0,1,1,0,0,0,0,2
0,0,0,0,0,0,0,0,0,0,0,0,1
0,0,2,0,1,2,4,0,0,0,0,0,8
0,0,0,0,0,0,0,0,0,0,0,0,1
0,0,0,0,0,0,0,0,0,0,0,0,1
0,0,0,0,0,0,0,0,0,0,0,0,1
0,0,0,0,3,0,0,0,0,0,0,0,4
0,0,0,1,1,3,42,0,0,0,59,45,7
0,0,0,0,0,0,0,2,0,0,0,0,2
0,0,1,0,0,0,5,0,0,0,0,0,9
0,0,0,0,0,0,0,0,0,0,1,0,1
0,0,2,0,1,3,0,0,0,0,0,0,8
0,0,0,0,0,0,2,0,0,0,1,0,1
0,0,0,0,0,0,0,0,0,0,0,0,1
0,0,0,0,0,0,0,0,0,0,0,0,1
0,0,0,0,1,0,0,2,0,0,0,0,2
0,0,0,0,0,0,0,0,0,0,0,0,1
0,0,9,0,0,0,5,0,2,0,5,2,15
0,0,0,0,0,1,0,1,0,0,0,0,4
0,0,0,0,0,0,0,0,0,0,0,0,2
0,0,0,0,0,0,15,0,0,0,0,0,8
0,0,0,0,0,0,0,1,0,0,0,0,1
0,0,0,0,0,0,3,0,0,0,0,0,2
0,0,1,0,0,0,2,0,0,0,1,0,7
0,0,8,0,0,0,1,0,0,0,8,17,10
0,0,0,0,0,0,1,2,0,0,0,0,1
0,0,0,0,2,0,1,0,0,0,0,0,3
0,0,0,0,0,0,0,0,0,0,0,0,4
0,0,1,0,0,0,2,0,0,0,0,0,6
0,0,0,0,0,0,0,0,0,0,0,0,1
0,0,0,0,1,0,44,0,0,0,0,0,5
0,0,0,0,0,1,1,0,0,0,0,0,3
0,0,0,0,0,0,0,0,0,0,0,0,1
0,0,0,0,0,4,1,1,0,2,2,0,4
0,0,1,0,0,1,1,0,0,0,0,4,7
0,0,0,0,0,0,0,3,0,0,0,0,2
0,0,3,0,0,3,15,0,0,0,1,1,8
0,0,0,0,0,0,7,2,0,0,0,0,3
0,0,4,0,1,0,13,0,0,0,11,2,8
0,0,0,0,0,0,2,0,0,0,1,0,1
0,0,0,0,0,2,8,0,0,0,3,0,4
0,0,0,0,0,0,0,0,0,0,0,0,1
0,0,0,0,0,0,0,0,0,0,0,0,1
0,0,0,0,0,0,0,0,0,0,0,0,1
0,0,0,0,0,0,3,0,0,0,0,0,2
0,0,0,0,0,0,1,0,0,0,0,0,7
0,0,0,0,0,0,0,0,0,0,0,0,4
0,0,0,0,0,0,41,2,0,0,16,6,6
0,0,0,0,0,1,0,0,0,0,0,0,1
0,0,1,0,0,0,11,0,0,0,1,0,8
0,0,0,0,0,0,1,0,0,0,0,0,6
0,0,3,0,0,1,7,2,1,1,0,0,10
0,0,1,0,3,0,5,3,0,1,2,0,8
0,0,4,0,0,1,11,0,0,0,8,9,8
0,0,0,0,0,0,1,0,0,0,0,0,4
0,0,0,0,0,0,5,0,0,0,1,0,2
0,0,0,0,0,0,0,6,0,0,0,0,2
0,0,0,0,0,0,1,0,0,0,0,0,1
0,0,0,0,0,0,0,1,0,0,0,0,1
0,0,0,0,0,0,0,0,0,0,0,0,1
0,0,2,0,0,1,29,3,0,0,1,1,8
0,0,0,0,0,0,4,0,0,1,3,0,1
0,0,1,0,0,0,13,1,0,0,0,4,4
0,0,0,0,0,0,5,0,1,0,5,4,2
0,0,0,0,0,1,0,4,0,0,0,0,3
0,0,1,0,13,1,9,0,0,0,1,0,10
0,0,0,0,0,0,0,0,0,0,0,0,1
0,0,0,2,0,1,3,1,0,1,0,0,5
0,0,0,0,0,0,1,0,0,0,0,0,1
0,0,0,0,0,0,2,0,0,0,1,0,8
0,0,2,0,0,0,24,1,0,1,1,0,6
0,0,0,0,0,0,0,0,0,0,0,1,1
0,0,0,0,0,0,0,0,0,0,0,0,1
0,0,0,0,1,0,18,3,0,0,0,0,4
0,0,0,0,0,0,0,0,0,0,0,0,1
0,0,0,0,0,0,3,0,0,0,0,0,3
0,0,0,0,0,0,13,0,0,0,0,0,3
0,0,0,0,0,0,0,1,0,0,0,0,2
0,0,0,0,0,0,1,0,0,0,0,0,1
0,0,2,0,1,0,6,1,0,0,0,11,9
0,0,0,0,0,0,0,0,0,0,0,0,1
0,0,0,0,8,0,3,0,0,0,0,0,5
0,0,0,0,0,1,0,5,0,0,0,0,5
0,0,0,0,0,0,0,0,0,0,0,0,1
0,0,0,0,0,0,2,0,0,0,0,0,1
0,0,13,0,0,4,8,0,0,0,14,2,15
0,0,0,0,0,0,6,0,0,0,0,0,1
0,0,0,0,0,0,11,0,0,0,0,0,3
0,0,0,0,0,0,0,0,0,0,0,0,1
0,0,0,0,0,0,2,0,0,0,0,0,2
0,0,1,0,0,1,0,0,0,0,0,0,6
0,0,0,0,0,0,10,1,0,0,0,2,3
0,0,0,0,0,2,0,1,0,0,2,1,4
0,0,0,0,0,0,0,0,0,0,0,0,1
0,0,0,0,0,0,0,0,0,0,0,0,1
0,0,3,0,0,0,1,2,0,0,1,0,6
0,0,0,0,0,0,1,0,0,0,0,0,1
0,0,5,0,0,0,26,0,0,0,0,0,10
0,0,0,0,0,0,0,0,0,0,1,0,1
0,0,0,0,0,0,0,1,0,0,0,0,1
0,0,2,0,0,6,35,0,0,0,1,1,9
0,0,0,0,0,0,1,0,0,0,0,0,1
0,0,0,0,0,0,2,4,0,0,0,0,3
0,0,9,0,3,1,17,1,0,0,0,0,10
0,0,0,0,0,0,3,0,0,0,0,0,1
1,0,2,0,1,5,4,2,1,6,19,1,6
0,0,0,0,0,0,26,1,0,4,12,0,4
0,0,5,0,0,9,21,0,2,2,15,7,11
0,0,8,0,5,1,39,2,0,0,2,1,9
0,0,0,0,0,0,1,0,0,0,0,0,1
0,0,3,0,0,7,10,2,0,0,1,2,10
0,0,0,0,0,0,8,0,0,0,0,0,1
0,0,1,0,0,1,31,4,0,0,4,0,8
0,0,0,0,0,0,24,0,0,0,0,0,4
0,0,1,0,0,11,56,0,2,0,4,7,11
0,0,0,0,1,0,21,0,1,0,4,2,4
0,0,0,0,0,0,3,0,0,0,0,0,1
0,0,0,0,0,0,0,0,0,0,0,0,1
0,0,0,0,0,0,0,0,0,0,0,0,1
0,0,11,0,0,1,14,0,0,0,1,90,15
0,0,3,0,1,1,13,2,0,0,1,1,8
0,0,0,0,0,0,0,0,0,0,0,0,1
0,0,0,0,0,0,0,0,0,0,0,0,1
0,0,0,0,0,0,0,1,0,0,0,0,1
0,0,0,0,0,0,0,0,0,0,0,0,1
0,0,0,0,2,0,0,0,0,0,0,0,4
0,0,2,0,0,0,0,0,0,0,0,0,8
0,0,0,0,0,0,1,0,0,0,0,0,1
0,0,0,0,0,0,17,0,0,0,0,16,4
0,0,0,0,0,0,0,0,0,0,0,6,1
0,0,3,0,0,0,17,0,0,0,4,0,9
0,0,1,1,0,0,16,0,6,0,0,0,6
0,0,0,0,0,0,0,0,0,0,6,3,1
0,0,0,0,0,0,9,0,0,0,0,0,5
0,0,0,0,0,0,3,0,0,0,0,0,1
0,0,0,0,0,0,0,0,0,0,1,2,1
0,0,0,0,0,0,4,0,0,0,0,0,1
0,0,5,0,1,0,18,0,0,0,0,0,10
0,0,0,0,0,0,2,0,0,1,1,0,1
0,0,0,0,0,0,0,0,0,0,1,0,1
0,0,0,0,0,0,0,0,0,0,4,0,4
0,0,0,0,0,0,0,0,0,0,0,0,1
0,0,0,0,0,0,0,2,0,0,0,0,2
0,0,0,0,0,0,0,0,0,0,0,0,1
0,0,0,1,0,2,3,0,0,1,8,0,6
0,0,0,0,0,0,1,0,0,0,0,0,1
0,0,0,0,0,0,6,1,0,0,0,0,3
0,0,0,0,0,0,0,0,0,0,0,0,1
0,0,0,0,0,0,0,1,0,0,0,0,1
0,0,0,0,0,0,12,0,0,2,11,0,7
0,0,0,0,0,0,0,0,0,0,0,0,1
0,0,1,0,0,0,0,0,0,0,0,0,6
0,0,0,0,0,0,1,0,0,1,0,2,6
0,0,0,0,0,0,1,0,0,0,0,0,1
0,0,0,0,0,0,0,0,0,0,0,0,1
0,0,11,0,0,0,56,0,0,0,1,0,15
0,0,0,0,1,1,1,0,0,2,4,0,4
0,0,0,0,0,10,3,0,0,0,0,0,6
0,0,0,0,0,0,1,0,0,0,0,0,1
0,0,0,0,1,3,5,0,0,0,0,0,4
0,0,0,0,0,0,1,0,0,0,0,0,1
0,0,0,0,1,0,35,4,0,0,0,0,6
0,0,11,0,1,2,28,0,0,0,6,21,15
0,0,8,0,1,4,8,1,0,0,1,8,15
0,0,0,0,0,0,0,0,0,0,0,0,1
0,0,0,0,0,0,0,0,0,0,0,0,1
0,0,20,0,0,5,20,0,0,0,17,23,15
0,0,0,0,0,0,0,0,0,0,0,0,3
0,0,1,0,0,0,9,0,0,0,0,0,7
0,0,0,0,0,0,0,0,0,0,0,0,6
0,0,0,0,0,0,0,0,0,0,0,0,6
0,0,1,0,0,1,2,0,1,0,3,8,7
0,0,0,0,0,2,7,1,0,0,4,2,5
0,0,1,0,0,0,18,1,0,0,0,0,7
0,0,0,0,0,0,6,0,0,0,1,0,1
0,0,1,0,0,0,3,0,0,0,0,0,1
0,0,0,0,0,1,2,0,0,0,0,0,3
0,0,0,0,1,2,7,2,0,0,0,0,5
0,0,0,0,0,0,0,3,0,0,0,0,1
0,0,0,0,0,0,9,0,0,0,0,0,1
0,0,0,0,0,0,9,0,0,0,0,0,2
0,0,2,0,0,1,3,0,0,0,0,0,8
0,0,0,0,0,0,46,2,0,0,0,1,5
0,0,0,0,0,0,0,0,0,0,0,2,1
0,0,0,0,0,0,0,0,0,0,0,0,1
0,0,0,0,0,0,4,0,0,0,0,0,1
0,0,6,0,0,3,9,0,0,0,4,0,9
0,0,3,0,2,7,32,1,0,2,21,2,10
0,0,0,0,2,7,14,0,0,0,8,1,6
0,0,5,0,0,0,35,2,0,0,1,1,10
0,0,0,0,0,1,1,0,0,0,0,0,4
0,0,0,0,4,3,4,6,0,0,0,0,7
0,0,0,0,0,0,0,0,0,0,0,0,1
0,0,0,0,0,0,12,1,0,0,9,53,4
0,0,17,0,1,2,13,1,0,0,5,0,15
0,0,6,0,0,2,26,25,0,0,0,0,15
0,0,0,0,0,0,0,5,0,0,0,0,4
0,0,0,0,0,2,11,0,2,0,11,3,5
0,0,3,0,0,0,0,0,0,0,0,0,11
0,0,2,0,0,6,71,1,0,1,6,3,9
0,0,0,0,0,0,15,0,0,1,1,0,4
0,0,2,0,0,0,1,0,0,0,1,3,1
0,0,14,0,1,0,30,3,3,0,2,0,11
0,0,0,0,0,0,0,0,0,0,0,1,4
0,0,0,0,2,1,7,0,0,0,8,11,7
0,0,2,0,0,0,2,1,0,0,15,7,2
0,0,2,0,0,1,7,1,0,0,7,0,9
0,0,5,0,0,2,9,1,0,0,5,16,10
0,0,8,0,0,0,2,0,1,0,11,5,15
0,0,0,0,0,0,0,0,0,0,0,0,1
0,0,2,0,0,17,2,0,0,1,9,13,15
0,0,1,0,0,0,22,0,2,0,8,11,5
0,0,0,0,0,0,0,1,0,0,0,0,3
0,0,2,0,0,0,9,0,0,0,0,0,6
0,0,1,0,0,0,38,0,0,0,28,106,5
0,0,2,0,0,1,4,0,0,0,0,5,8
0,0,1,0,0,10,54,1,5,0,0,0,8
0,0,0,0,0,0,1,0,0,0,0,0,1
0,0,40,0,2,1,26,1,11,1,0,0,15
0,0,0,0,0,0,0,0,0,0,0,0,1
0,0,0,0,1,0,25,1,0,0,1,25,5
0,0,0,0,0,0,0,0,0,0,0,0,1
0,0,0,0,0,0,2,0,0,0,0,0,1
0,0,0,0,0,0,0,0,0,0,0,0,1
0,0,6,0,3,1,31,0,1,0,12,5,11
0,0,8,0,1,0,11,1,0,0,43,5,15
0,0,2,0,0,3,1,0,0,0,3,10,10
0,0,0,0,0,0,0,0,0,2,3,0,1
0,0,0,0,0,0,0,0,0,0,0,0,1
0,0,0,0,0,1,1,1,0,0,0,0,3
0,0,0,0,0,0,0,0,0,0,0,0,1
0,0,110,0,1,4,21,5,0,0,0,90,15
0,0,1,0,0,1,10,0,0,0,1,1,8
0,0,0,0,0,0,0,0,0,4,8,0,1
0,0,6,0,0,0,6,0,1,0,2,0,10
0,0,10,0,0,0,6,2,0,0,0,1,10
0,0,2,0,0,1,13,0,0,0,3,2,8
0,0,3,0,0,0,5,0,0,0,0,0,8
0,0,0,0,0,0,1,0,0,0,0,0,1
0,0,0,0,0,0,0,0,0,0,0,0,1
0,0,0,0,0,0,0,5,0,1,0,1,4
0,0,15,0,0,0,2,0,0,0,42,51,15
1,0,0,0,17,21,12,2,0,3,6,0,15
0,0,0,0,0,0,0,0,0,0,0,0,1
0,0,0,0,0,4,3,1,0,0,0,0,6
0,0,0,0,1,1,12,1,0,0,2,0,6
0,0,48,2,3,3,65,10,5,0,10,0,15
0,0,0,0,1,1,0,0,0,0,0,0,7
0,0,0,0,0,0,2,0,0,0,1,0,1
0,0,0,0,0,0,0,0,0,0,0,0,8
0,0,1,0,0,0,9,0,0,0,0,0,8
0,0,0,0,0,0,0,0,0,0,0,0,1
0,0,0,0,0,0,0,0,0,0,1,0,3
0,0,0,0,0,2,38,0,1,0,0,0,4
0,0,16,0,0,2,35,0,1,1,7,79,15
0,0,0,0,0,0,0,0,0,0,0,0,1
0,0,0,0,0,0,0,0,0,0,0,0,2
0,0,0,0,0,0,0,0,0,0,0,0,4
0,0,0,0,0,0,25,0,0,3,4,0,5
0,0,2,0,0,1,2,0,0,0,0,0,8
0,0,14,0,3,0,59,11,0,0,0,1,15
0,0,2,0,1,2,21,3,0,1,9,7,7
0,0,7,0,0,0,12,0,0,1,0,0,11
0,0,5,0,0,2,32,0,1,0,8,50,15
0,0,10,0,1,0,23,0,0,0,4,3,15
0,0,0,0,3,1,1,0,0,0,0,2,3
0,0,0,0,0,0,2,0,0,0,5,0,1
0,0,0,0,0,0,2,1,0,0,0,0,1
0,0,0,0,0,0,1,1,0,0,0,0,2
0,0,2,0,0,1,4,0,0,0,5,16,8
0,0,1,0,0,1,1,0,0,0,3,0,8
0,0,0,0,1,0,18,0,0,0,8,22,5
0,0,0,0,0,5,24,3,0,0,0,0,7
0,0,0,0,0,0,0,2,0,0,1,0,2
0,0,0,0,0,0,0,1,0,0,0,0,1
0,0,0,0,0,0,13,0,0,0,1,0,2
0,0,9,0,0,4,27,0,0,0,5,29,11
0,0,0,0,4,14,10,0,0,3,6,0,9
0,0,5,0,1,4,5,0,0,0,25,22,10
0,0,1,0,0,2,7,0,0,0,2,0,8
0,0,0,0,0,0,0,0,0,0,0,0,1
0,0,1,0,2,0,15,2,0,0,0,0,9
0,0,0,0,0,0,1,0,0,0,0,0,4
0,0,4,0,0,0,11,1,1,0,10,8,10
0,0,29,0,0,2,79,0,2,0,11,20,15
0,0,0,0,0,0,12,1,0,0,0,0,3
0,0,14,0,1,4,39,1,0,0,4,37,11
0,0,0,0,0,0,0,1,0,0,0,0,1
0,0,0,0,0,0,1,1,0,0,2,7,1
0,0,9,0,0,2,19,1,0,0,19,9,10
0,0,0,0,0,0,0,0,0,0,0,0,1
0,0,3,0,2,1,35,0,0,0,1,0,8
0,0,0,0,0,0,2,0,0,0,0,0,1
0,0,32,0,0,0,27,4,34,1,26,16,15
0,0,1,0,0,0,0,0,0,0,0,0,1
0,0,0,0,0,0,0,0,0,0,0,0,1
0,0,0,0,0,0,4,0,0,0,1,0,2
0,0,0,0,0,2,1,2,1,0,0,0,4
0,0,0,0,0,0,3,0,1,0,0,0,4
0,0,0,0,0,1,0,0,0,0,0,0,3
0,0,1,0,0,0,1,2,0,0,0,0,4
0,0,1,0,1,0,34,0,0,0,6,6,5
0,0,0,0,3,4,19,0,0,0,20,9,6
0,0,0,0,0,0,2,0,0,0,0,0,1
0,0,0,0,0,0,0,0,0,0,0,0,1
0,0,0,0,0,0,8,1,0,0,0,0,3
0,0,1,1,0,0,10,0,0,0,2,1,7
0,0,0,0,0,0,0,0,0,0,0,0,1
0,0,0,0,0,0,8,0,0,0,3,10,1
0,0,28,0,0,1,11,6,0,1,1,6,15
0,0,0,0,0,0,2,1,0,0,0,1,1
0,0,0,0,0,0,0,1,0,0,0,0,1
0,0,0,0,0,2,10,1,0,0,0,49,4
0,0,0,0,0,0,0,1,0,0,0,0,3
0,0,17,0,0,2,19,0,3,0,1,1,15
0,0,0,0,2,0,1,0,0,0,0,0,2
0,0,0,0,0,0,3,0,0,0,0,0,1
0,0,0,0,0,0,1,0,0,0,0,0,1
0,0,0,0,0,2,9,0,0,0,0,0,4
0,0,2,0,0,3,7,2,1,0,0,0,8
0,0,11,0,0,0,22,0,0,0,0,95,9
0,0,0,0,0,0,2,0,0,0,2,1,1
0,0,23,0,3,0,7,2,9,0,73,38,15
0,0,0,0,0,0,0,0,0,0,0,0,1
0,0,0,0,0,1,0,0,0,0,0,0,3
0,0,0,0,0,0,0,0,0,0,0,0,1
0,0,0,0,2,5,8,0,0,4,45,1,8
0,0,1,0,0,1,2,0,0,0,3,13,9
0,0,0,0,0,0,4,0,0,0,0,0,2
0,0,2,0,0,1,0,0,0,0,0,0,3
0,0,0,0,0,0,35,2,0,0,10,5,5
0,0,0,0,0,1,1,0,0,0,0,0,3
0,0,0,0,1,7,32,1,0,0,0,0,8
0,0,1,0,0,1,4,0,0,0,0,0,2
0,0,1,0,0,0,6,1,0,0,0,0,5
0,0,4,0,0,0,4,1,0,0,15,32,8
0,0,0,0,0,0,14,5,0,0,0,0,3
0,0,1,0,0,0,1,0,0,0,0,0,5
0,0,13,0,0,2,4,0,0,0,6,15,10
0,0,0,0,6,0,6,0,0,0,7,21,7
0,0,0,0,0,0,7,0,0,0,3,10,2
0,0,2,0,2,0,41,5,0,1,12,2,8
0,0,0,0,0,4,15,2,0,0,0,0,4
0,0,0,0,0,0,25,0,0,1,0,0,4
0,0,1,0,0,1,16,1,0,0,3,0,5
0,0,1,0,0,0,11,4,0,1,1,0,4
0,0,0,0,0,0,0,1,0,0,0,0,1
0,0,2,0,8,1,2,0,0,1,1,1,8
0,0,25,0,0,4,12,1,0,0,7,2,15
0,0,0,0,0,0,0,0,0,0,0,0,1
0,0,11,0,0,8,6,1,0,0,12,45,15
0,0,0,0,0,0,1,0,0,0,0,0,1
0,0,0,0,0,0,0,0,0,0,0,0,1
0,0,0,0,0,1,0,0,0,0,3,0,3
0,0,4,0,0,0,15,0,0,0,4,0,8
0,0,7,0,0,4,13,1,1,0,6,0,10
0,0,0,0,0,0,1,0,0,0,1,0,1
0,0,8,0,0,1,0,0,0,0,47,120,8
0,0,1,0,0,0,3,0,0,0,0,0,1
0,0,0,0,0,0,0,0,0,0,0,0,1
0,0,1,0,0,15,0,2,0,0,0,0,7
0,0,2,0,4,0,0,0,0,0,5,15,8
0,0,3,0,0,1,5,0,0,2,13,102,9
0,0,5,0,6,9,12,3,2,1,58,115,11
0,0,0,0,0,0,0,0,0,0,0,0,1
0,0,8,0,0,0,26,0,3,0,9,80,11
0,0,0,0,0,0,3,0,0,0,0,0,1
0,0,2,0,0,0,11,0,0,1,11,6,8
0,0,0,0,0,0,9,1,0,0,2,0,2
0,0,0,0,0,0,3,0,0,2,12,7,6
0,0,8,0,0,18,4,0,0,0,0,0,15
0,0,1,0,0,0,9,0,0,0,0,0,2
0,0,0,0,0,0,3,0,0,0,0,0,1
0,0,9,0,0,0,10,0,0,0,0,1,10
0,0,0,0,0,0,14,0,0,0,0,0,6
0,0,0,0,0,0,0,0,0,3,17,0,4
0,0,0,0,0,0,0,0,0,1,3,0,2
0,0,0,0,0,0,3,1,0,0,1,1,4
0,0,0,0,0,0,0,0,0,0,0,0,1
0,0,13,0,0,0,0,0,0,0,6,16,15
0,0,0,0,0,7,12,0,0,1,11,5,6
0,0,4,0,0,2,3,1,0,0,0,0,10
0,0,1,1,0,2,68,0,0,1,10,0,7
0,0,0,0,0,0,0,0,0,0,0,0,1
0,0,2,0,0,1,8,2,0,1,32,112,8
0,0,14,0,1,1,8,0,0,0,1,0,15
0,0,0,0,0,0,0,0,0,0,0,0,1
0,0,0,0,0,0,2,0,0,0,1,3,3
0,0,21,0,0,0,19,12,0,0,19,65,15
0,0,2,0,0,0,19,0,0,0,1,36,4
0,0,0,0,0,0,0,0,0,0,0,0,2
0,0,0,0,0,0,1,0,0,0,0,0,1
0,0,0,0,1,0,1,0,0,0,0,0,3
0,0,27,1,0,1,36,5,2,1,18,23,15
0,0,0,0,10,0,0,0,0,0,0,0,7
0,0,3,0,1,50,208,0,1,18,79,48,15
0,0,0,0,0,1,0,0,0,0,3,0,15
0,0,0,0,0,0,0,0,0,7,6,0,3
0,0,1,0,0,0,4,0,0,0,0,0,8
0,0,1,0,0,0,8,4,0,0,0,0,6
0,0,0,0,5,1,2,1,0,0,1,0,1
0,0,7,0,0,0,31,1,0,0,2,1,11
0,0,0,0,0,0,9,1,0,0,0,0,2
0,0,0,0,1,0,1,0,0,3,9,3,3
0,0,0,0,0,0,11,1,0,1,3,1,7
0,0,0,0,0,0,0,1,0,0,0,0,1
0,0,11,0,0,0,18,0,0,0,26,0,15
0,0,7,0,2,5,7,2,3,0,103,29,11
0,0,0,0,0,0,0,0,0,0,3,2,1
0,0,0,0,0,0,0,0,0,0,0,0,1
0,0,0,0,0,0,0,1,0,0,0,0,1
0,0,1,0,0,0,1,0,0,0,0,0,6
0,0,81,0,2,2,47,2,0,0,0,0,15
0,0,2,0,0,1,7,1,0,0,2,0,6
0,0,0,0,0,0,38,0,0,0,0,0,4
0,0,0,0,0,0,1,0,0,0,0,0,1
0,0,1,0,1,1,3,2,0,0,2,5,8
0,0,1,0,0,0,1,2,0,0,1,3,8
0,0,0,0,1,0,2,0,0,0,0,0,2
0,0,0,0,0,0,17,1,0,0,1,2,3
0,0,1,0,0,5,1,0,0,0,3,6,5
0,0,0,0,0,0,0,0,0,2,2,2,1
0,0,33,0,0,7,26,0,1,0,6,8,15
0,0,0,0,2,1,9,1,0,0,0,0,1
0,0,1,0,0,0,0,0,0,0,0,0,5
0,0,0,0,0,0,0,0,0,0,4,1,1
0,0,0,0,0,0,3,1,0,0,1,1,2
0,0,0,0,1,0,0,0,0,0,0,0,3
0,0,0,0,0,0,0,0,0,0,0,7,3
0,0,4,0,9,7,56,6,0,0,79,8,10
0,0,5,0,1,0,33,7,0,0,0,0,6
0,0,4,0,0,0,4,0,0,0,23,97,8
0,0,0,0,0,2,13,0,0,0,0,0,3
0,0,6,0,0,0,5,1,0,0,1,0,10
0,0,1,0,0,0,4,1,0,0,0,1,3
0,0,0,0,0,0,0,0,0,0,0,0,1
0,0,0,0,0,0,1,0,0,1,1,0,1
0,0,0,0,0,0,0,0,0,0,0,0,1
0,0,0,0,0,0,24,1,0,0,0,2,4
0,0,0,0,0,1,0,0,0,1,0,0,3
0,0,3,0,0,0,15,1,21,0,42,63,11
0,0,0,0,0,0,1,0,0,0,3,0,1
0,0,0,0,0,11,52,0,0,0,0,1,8
0,0,2,0,0,3,22,2,0,0,0,0,8
0,0,0,0,0,0,0,0,0,1,0,0,1
0,0,0,0,0,0,0,0,0,0,0,0,1
0,0,2,0,0,6,59,2,0,0,2,0,8
0,0,4,0,0,0,33,1,0,0,0,0,10
0,0,0,0,0,0,1,0,0,0,0,0,1
0,0,0,0,0,0,0,0,0,0,0,0,1
0,0,0,0,0,0,3,0,0,0,0,0,1
0,0,5,0,0,1,8,0,0,0,0,0,10
0,0,0,0,0,2,4,11,0,1,33,0,5
0,0,2,0,0,0,9,0,0,0,1,1,2
0,0,19,0,0,17,23,0,15,0,28,27,15
0,0,0,0,0,0,15,3,0,0,1,0,3
0,0,5,0,0,2,12,3,0,0,1,0,10
0,0,4,0,1,19,0,6,0,0,1,0,9
0,0,5,0,0,0,35,0,0,1,1,1,10
0,0,0,1,0,0,7,2,0,0,0,0,5
0,0,0,0,0,0,0,0,0,0,1,0,1
0,0,0,0,0,0,1,0,0,0,0,1,1
0,0,25,0,4,0,53,0,1,3,4,34,15
0,0,8,0,1,8,37,2,0,0,4,1,11
0,0,2,0,4,2,33,2,0,1,1,0,7
0,0,2,0,0,0,11,1,0,0,0,2,8
0,0,25,0,1,0,35,1,0,0,21,29,15
0,0,0,0,0,0,0,0,0,0,0,0,1
0,0,4,0,0,0,9,0,0,0,3,0,10
0,0,3,0,1,0,35,0,1,1,5,10,9
0,0,1,0,0,1,11,0,0,0,4,4,8
0,0,1,0,21,0,7,0,0,0,0,0,10
0,0,0,0,0,0,0,0,0,0,0,0,1
0,0,0,0,0,1,0,0,0,0,0,0,1
0,0,6,0,3,1,24,1,0,0,11,4,10
0,0,1,0,0,0,5,1,0,0,0,0,6
0,0,2,0,0,0,4,0,0,0,1,0,6
0,0,4,0,0,1,53,1,0,0,0,0,9
0,0,0,0,0,0,0,0,0,0,0,0,1
0,0,0,0,0,0,5,0,0,0,0,0,1
0,0,1,0,2,2,17,0,0,0,0,0,7
0,0,0,0,0,0,2,2,0,0,0,0,1
0,0,1,0,0,0,1,0,0,0,4,60,8
0,0,14,0,1,0,31,1,3,0,6,2,8
0,0,6,0,2,0,28,0,1,0,11,3,10
0,0,0,0,0,3,0,0,0,1,3,1,4
0,0,2,0,0,0,24,0,0,0,1,0,8
0,0,0,0,0,0,16,0,0,0,1,0,4
0,0,17,0,3,2,36,1,0,0,9,50,15
0,0,0,0,0,2,11,0,0,0,3,6,6
0,0,3,0,1,1,27,3,0,0,0,0,8
0,0,9,0,0,1,15,0,1,0,10,20,15
0,0,0,0,0,0,0,0,0,0,0,0,1
0,0,8,0,0,2,0,0,0,0,6,0,11
0,0,1,0,0,0,0,0,0,0,0,0,3
0,0,0,0,0,3,18,2,0,0,0,0,6
0,0,0,0,0,0,6,0,0,0,1,0,1
0,0,3,0,1,2,6,3,1,0,1,0,8
0,0,3,0,2,2,24,2,0,3,2,3,9
0,0,2,0,0,1,12,0,1,1,4,2,9
0,0,0,0,0,0,2,0,0,0,0,0,3
0,0,0,0,0,0,0,0,0,0,0,0,1
0,0,0,0,0,0,1,0,0,1,1,0,1
0,0,6,0,1,5,21,3,3,0,28,7,8
0,0,2,0,0,2,1,0,0,0,21,10,8
0,0,2,2,3,8,8,2,0,0,0,0,11
0,0,0,0,0,0,0,0,0,0,4,0,1
0,0,0,0,0,0,0,0,0,1,2,10,1
0,0,9,0,0,0,15,0,4,0,5,17,11
0,0,15,0,2,1,25,3,0,0,1,81,15
0,0,13,0,0,0,42,0,9,2,104,90,15
0,0,2,0,0,1,12,0,0,5,14,174,8
0,0,0,0,1,0,0,0,0,0,2,0,2
0,0,11,0,0,1,1,1,0,0,35,15,11
0,0,1,0,1,6,111,1,0,1,1,0,9
0,0,0,0,2,0,2,0,0,0,8,48,4
0,0,47,0,0,0,25,0,17,0,1,0,15
0,0,12,0,0,2,11,1,2,0,1,1,15
0,0,6,0,1,1,60,1,1,0,20,127,10
0,0,27,0,0,0,35,0,0,0,2,0,15
0,0,0,0,1,1,0,0,0,0,0,0,2
0,0,0,0,0,0,0,0,0,0,0,0,1
0,0,18,0,0,6,49,4,0,0,40,203,15
0,0,16,0,1,1,14,0,1,0,28,144,15
0,0,0,0,0,1,12,0,0,0,0,4,7
0,0,3,0,6,19,109,0,2,1,1,2,15
0,0,0,0,2,21,7,0,0,5,23,10,15
0,0,7,0,0,0,2,2,0,0,3,0,11
0,0,6,0,1,1,20,0,0,0,0,0,10
0,0,1,0,0,0,7,0,0,0,3,2,6
0,0,0,0,0,0,1,0,0,1,2,0,3
0,0,1,0,0,1,24,0,0,0,1,7,7
0,0,0,0,0,0,7,3,0,0,0,0,5
0,0,1,0,0,2,22,0,0,0,0,0,7
0,0,1,0,0,3,21,1,0,1,9,8,7
0,0,0,0,0,1,15,0,1,0,0,0,6
0,0,2,0,1,0,2,3,0,0,0,0,8
0,0,6,0,0,3,5,0,0,0,4,2,10
0,0,2,0,5,5,35,0,1,4,9,2,9
0,0,1,0,0,1,11,3,1,0,0,0,8
0,0,2,0,0,0,1,2,0,1,3,0,6
0,0,1,0,1,0,0,0,0,0,1,1,6
0,0,2,0,0,1,13,3,0,0,2,2,10
0,0,1,0,0,0,0,0,0,0,1,0,5
0,0,1,0,0,0,14,2,0,0,5,8,8
1,0,1,0,1,2,10,0,0,0,1,1,9
0,0,7,2,0,1,2,0,1,0,10,69,10
0,0,0,0,0,0,1,0,0,1,6,1,1
0,0,0,0,0,0,0,0,0,0,0,0,1
0,0,5,1,0,5,18,1,2,0,15,17,8
0,0,0,0,0,1,0,0,0,0,2,0,1
0,0,22,0,1,0,20,0,8,0,2,0,15
0,0,15,0,2,7,34,1,0,0,41,51,15
0,0,3,0,1,1,33,1,0,1,8,6,4
0,0,0,0,0,0,2,1,0,0,2,0,2
0,0,0,0,1,0,5,1,0,0,0,0,4
0,0,0,0,0,0,6,1,0,0,0,0,2
0,0,2,0,0,0,0,5,0,0,0,0,6
0,0,4,0,0,1,23,0,1,0,19,18,9
0,0,0,0,0,0,3,0,0,0,1,0,1
0,0,3,0,1,13,8,6,1,0,3,1,8
0,0,0,0,0,0,10,1,0,1,1,0,2
0,0,4,0,1,1,2,0,0,0,8,2,10
0,0,0,0,0,0,0,0,0,0,4,2,1
0,0,8,0,0,0,2,0,0,0,7,0,10
0,0,0,0,0,1,3,0,0,0,2,0,1
0,0,0,0,0,0,0,0,0,0,0,0,1
0,0,6,0,1,1,32,8,0,0,0,3,11
0,0,0,0,0,4,9,0,0,1,1,0,6
0,0,0,0,0,0,3,4,1,0,0,0,3
0,0,0,0,2,0,3,0,0,0,0,0,1
0,0,3,0,0,0,7,0,0,0,5,5,9
0,0,0,0,0,0,1,0,0,0,0,0,1
0,0,0,0,0,0,0,1,0,0,3,8,1
0,0,5,0,2,8,9,0,0,0,57,151,11
0,0,0,0,0,2,29,4,3,1,52,102,8
0,0,1,0,0,0,3,0,0,0,1,5,7
0,0,2,0,2,8,2,4,0,1,27,4,9
0,0,4,0,0,1,31,0,0,0,6,0,11
0,0,1,0,0,1,12,1,1,0,4,1,7
0,0,0,0,0,11,8,2,0,0,0,0,8
0,0,1,0,0,1,3,1,0,0,1,11,1
0,0,11,0,0,4,42,2,2,2,7,3,10
0,0,1,0,0,4,8,0,0,0,0,0,1
0,0,0,0,0,0,0,1,0,0,0,0,1
0,0,0,0,0,0,13,1,0,0,2,0,1
0,0,19,0,5,1,106,4,3,0,8,16,15
0,0,17,0,1,4,32,1,0,0,0,0,15
0,0,3,0,1,1,8,4,0,0,0,0,8
0,0,0,0,0,0,0,0,0,0,0,0,1
0,0,0,0,0,0,0,0,0,0,0,0,1
0,0,1,0,0,0,5,3,1,0,0,2,6
0,0,0,0,0,0,0,0,0,0,0,0,1
0,0,7,0,0,2,22,0,0,0,2,10,11
0,0,1,0,0,1,0,0,0,0,4,0,7
0,0,1,0,0,6,23,0,0,0,0,0,9
0,0,5,0,0,1,5,0,0,2,19,61,10
0,0,2,0,0,0,19,1,0,0,0,0,8
0,0,0,0,0,0,1,0,0,0,0,0,5
0,0,0,0,0,0,0,0,0,0,0,0,1
0,0,0,0,0,0,2,0,0,0,3,1,1
0,0,1,0,1,1,9,1,0,0,9,0,7
0,0,0,0,0,0,0,0,0,1,2,0,2
0,0,7,0,0,2,9,0,0,1,5,17,10
0,0,3,0,1,3,30,0,0,1,6,9,9
0,0,9,0,2,9,41,1,0,10,145,85,15
0,0,20,0,0,1,6,0,0,1,37,13,15
0,0,10,0,0,0,25,4,0,0,0,0,15
0,0,1,0,0,0,3,0,0,0,29,24,8
0,0,4,1,0,1,9,1,0,0,7,8,9
0,0,9,0,3,2,9,0,0,0,0,0,9
0,0,0,0,0,1,14,1,0,0,3,0,6
0,0,0,0,50,11,18,0,0,2,2,0,11
0,0,11,0,1,5,18,11,0,6,17,0,11
0,0,0,0,0,2,2,0,0,0,0,0,4
0,0,6,0,0,0,1,1,1,0,6,18,9
0,0,0,0,0,0,9,2,0,0,0,0,2
0,0,0,0,0,0,0,0,0,0,0,0,1
0,0,9,0,9,16,74,9,2,5,31,2,15
0,0,3,0,0,0,0,0,1,0,19,1,8
0,0,4,0,0,1,26,0,0,0,0,0,8
0,0,0,0,2,1,20,4,0,1,4,0,3
0,0,6,0,0,5,40,1,0,1,20,16,11
0,0,0,0,0,0,3,2,0,0,0,0,1
0,0,1,0,0,0,9,1,0,7,18,5,8
0,0,2,0,0,0,12,1,0,1,1,2,6
0,0,0,0,0,1,35,6,0,0,0,0,3
0,0,0,0,1,1,2,0,0,0,0,0,3
0,0,2,0,0,0,8,0,0,0,0,0,7
0,0,23,0,0,0,17,1,0,0,16,0,15
0,0,0,0,0,1,9,3,0,0,0,0,3
0,0,2,0,0,0,11,0,0,0,21,41,10
0,0,0,0,0,0,0,0,0,0,0,0,1
0,0,5,0,1,1,8,0,0,1,47,84,10
0,0,0,0,0,0,0,0,0,0,0,6,1
0,0,0,0,0,1,4,1,0,1,1,0,3
0,0,24,0,1,0,17,2,4,0,76,11,10
0,0,0,0,1,0,3,4,0,0,0,0,3
0,0,0,0,0,0,0,0,0,0,0,0,1
0,0,1,0,0,5,2,3,0,2,0,2,6
0,0,7,0,10,0,27,1,0,0,0,0,10
0,0,0,0,0,1,3,0,0,0,1,0,6
0,0,0,0,0,0,0,0,0,0,0,0,1
0,0,4,0,0,0,2,1,0,0,2,18,9
0,0,0,0,0,0,48,12,0,0,0,0,6
0,0,0,0,1,1,9,0,0,1,11,5,5
0,0,3,0,0,0,1,0,0,0,16,0,8
0,0,1,0,0,0,1,0,0,0,3,5,6
0,0,1,0,0,0,1,0,0,0,1,24,5
0,0,0,0,1,0,19,0,1,8,151,34,7
0,0,4,0,3,4,32,1,1,1,4,0,10
0,0,10,0,1,3,19,0,2,1,0,0,11
0,0,1,0,0,0,16,16,0,0,0,1,7
0,0,0,0,0,0,0,0,0,0,0,0,1
0,0,0,0,2,0,0,0,0,3,1,0,3
0,0,0,0,0,0,4,1,0,0,1,0,5
0,0,2,0,5,13,32,0,0,0,6,0,8
0,0,0,0,1,0,8,0,1,0,3,0,4
0,0,1,0,0,0,25,1,4,0,20,44,8
0,0,0,0,0,2,17,0,0,0,12,55,6
0,0,0,0,0,0,0,7,0,0,0,0,2
0,0,0,0,0,0,0,2,0,0,0,0,2
0,0,0,0,0,0,0,0,0,0,0,0,1
0,0,2,0,0,0,52,0,3,0,0,0,8
0,0,0,0,0,0,0,1,0,0,0,0,1
0,0,14,0,0,6,16,2,0,0,4,17,15
0,0,0,0,0,0,0,0,0,0,0,0,1
0,0,0,0,1,2,10,3,0,0,1,0,5
0,0,0,0,0,0,0,0,0,0,11,0,1
0,0,2,0,9,1,139,5,1,0,15,6,11
0,0,0,0,0,0,0,0,0,0,0,0,1
0,0,0,0,0,0,28,1,0,0,0,0,4
0,0,11,0,0,1,46,13,0,0,1,0,15
1,0,1,0,10,3,71,3,2,2,39,2,15
0,0,0,0,0,0,0,0,0,0,0,0,1
0,0,7,0,0,4,7,0,0,0,7,2,11
0,0,0,0,0,0,2,0,0,0,0,1,1
0,0,2,0,0,2,17,1,0,0,2,1,9
0,0,1,0,0,2,8,1,0,0,0,0,6
0,0,0,0,0,2,18,0,1,4,25,4,5
0,0,8,0,1,3,28,0,0,2,12,25,10
0,0,3,0,2,3,17,0,0,0,4,0,8
0,0,1,0,0,8,36,0,0,1,21,2,8
0,0,3,0,0,2,3,5,0,0,6,15,8
0,0,8,0,0,0,25,1,0,1,25,11,11
0,0,10,0,3,6,32,2,3,0,3,1,15
0,0,11,0,1,3,26,2,0,0,0,4,9
0,0,0,0,0,0,0,0,0,0,0,0,1
0,0,12,0,2,16,27,1,2,2,282,208,15
0,0,0,0,0,0,1,0,0,0,0,0,4
0,0,0,0,0,0,1,0,0,0,0,0,1
0,0,0,0,0,1,0,0,0,0,0,0,1
0,0,0,0,0,0,1,0,0,0,0,0,1
0,0,0,0,0,1,1,0,0,0,0,0,1
0,0,22,0,0,0,75,3,1,0,2,3,15
0,0,10,0,0,1,43,2,1,0,22,8,11
0,0,30,0,0,8,34,0,5,0,3,74,15
0,0,0,0,0,0,1,1,0,0,0,0,1
0,0,0,0,0,0,4,2,0,0,5,0,3
0,0,1,0,0,0,5,0,0,0,26,12,7
0,0,8,0,1,0,37,0,0,1,33,11,10
0,0,2,0,4,4,8,1,0,0,1,0,6
0,0,4,0,0,0,3,0,0,0,0,2,9
0,0,0,0,0,0,0,0,0,0,0,0,1
0,0,0,0,0,0,0,0,0,0,8,13,1
0,0,2,0,1,4,19,1,0,0,15,9,8
0,0,0,0,1,2,1,3,0,1,1,0,4
0,0,0,0,0,0,0,0,0,0,0,0,1
0,0,5,0,0,0,40,0,0,0,3,0,10
0,0,0,0,0,0,4,1,0,0,1,0,1
0,0,2,0,1,0,9,3,0,3,28,5,7
0,0,6,0,1,2,2,8,1,0,6,1,10
0,0,0,0,0,1,5,0,0,0,0,0,3
0,0,2,0,0,0,5,7,0,0,3,0,6
0,0,0,0,1,0,0,0,0,0,4,1,2
0,0,0,0,3,2,28,1,0,0,0,0,6
0,0,1,0,2,5,11,2,0,1,1,0,8
0,0,0,0,0,0,0,0,0,0,0,0,1
0,0,9,0,1,1,15,2,1,1,24,37,11
0,0,0,0,0,0,0,1,0,0,1,0,1
0,0,1,0,1,5,24,11,0,1,8,1,10
0,0,0,0,0,0,3,0,0,0,0,0,1
0,0,0,0,0,0,4,16,0,0,0,0,6
0,0,2,0,0,2,23,0,0,0,13,27,9
0,0,17,0,3,0,0,0,0,0,15,7,11
0,0,0,0,0,0,2,4,0,0,0,0,1
0,0,2,0,0,0,1,0,0,0,5,0,1
0,0,0,0,0,0,2,1,0,0,1,0,1
0,0,3,0,0,0,22,1,0,0,4,1,8
0,0,1,0,0,0,0,0,0,0,0,0,5
0,0,1,0,0,0,0,0,0,0,0,0,1
0,0,0,0,0,0,0,1,0,1,3,1,2
0,0,0,0,0,0,1,0,0,0,2,7,1
0,0,0,0,0,0,1,0,0,0,0,0,1
0,0,3,0,0,2,4,0,0,2,4,2,8
0,0,0,0,9,1,20,1,0,0,0,0,8
0,0,5,0,0,2,157,2,1,2,18,55,5
0,0,10,0,2,4,109,0,1,0,8,6,11
0,0,4,0,4,2,7,2,0,0,1,2,2
0,0,3,0,1,2,6,0,0,0,0,11,9
0,0,7,0,2,0,27,1,3,0,166,274,10
0,0,0,0,1,0,22,3,0,1,1,0,5
0,0,2,0,0,1,12,0,0,1,0,5,8
0,0,6,0,0,0,10,6,1,0,1,1,9
0,0,6,0,1,0,10,7,0,0,3,0,11
0,0,3,0,0,1,38,9,1,0,0,0,9
0,0,0,0,0,3,1,0,1,3,10,1,6
0,0,2,0,0,2,6,0,0,0,1,0,8
0,0,0,0,0,2,7,1,0,9,146,64,7
0,0,0,0,0,0,1,0,0,0,1,0,1
0,0,0,0,0,0,0,1,0,3,24,2,3
1,0,3,0,1,4,11,2,1,0,6,24,15
0,0,1,0,0,8,8,2,2,0,0,0,8
0,0,0,0,0,3,5,0,0,1,0,0,4
0,0,0,0,0,1,5,0,0,0,1,1,4
0,0,31,0,0,0,56,12,5,1,52,14,15
0,0,0,0,0,0,0,0,0,0,0,0,1
0,0,4,0,0,0,0,0,0,0,2,1,11
0,0,1,0,2,2,10,0,0,0,2,6,6
0,0,4,0,0,2,1,3,0,2,5,0,7
0,0,0,0,0,0,0,0,0,0,0,0,1
0,0,3,0,0,5,10,2,0,0,0,1,8
0,0,1,0,0,0,2,4,0,0,0,0,4
0,0,14,0,0,2,32,3,0,2,115,65,11
0,0,0,0,1,5,13,3,0,1,5,8,5
0,0,5,0,0,0,7,0,2,0,1,47,8
0,0,6,0,0,1,11,2,0,0,0,14,8
0,0,3,0,9,8,71,3,0,4,14,6,11
0,0,27,0,2,0,14,0,0,0,21,30,15
0,0,0,0,0,0,0,0,0,0,2,0,5
0,0,1,0,0,0,1,0,0,0,2,0,5
0,0,0,0,0,0,4,1,0,1,0,0,2
0,0,3,0,0,0,1,0,0,0,0,0,7
0,0,0,0,0,1,0,0,0,0,0,0,2
0,0,0,1,0,0,0,0,0,0,0,0,1
0,0,0,0,0,0,27,0,0,0,0,0,3
0,0,2,0,0,2,33,1,0,0,5,0,2
0,0,3,0,1,3,18,1,0,2,8,6,9
0,0,1,0,0,1,0,0,0,3,7,0,6
0,0,0,0,0,0,28,0,0,5,11,0,4
0,0,0,0,0,0,0,1,0,1,1,2,2
0,0,0,0,0,0,19,0,0,0,1,4,3
0,0,0,0,0,1,0,2,0,0,0,0,3
0,0,0,0,0,0,0,2,0,0,1,0,3
0,0,9,0,2,0,45,2,3,0,22,21,10
0,0,0,0,0,0,4,3,0,0,14,4,6
0,0,0,0,0,3,2,0,0,2,0,0,5
0,0,0,0,0,0,4,0,0,0,2,0,2
0,0,0,0,0,0,0,0,0,0,0,0,3
0,0,0,0,0,0,0,2,0,1,0,0,1
0,0,2,0,0,0,8,0,0,1,26,165,4
0,0,1,0,0,0,2,0,0,0,11,5,7
0,0,0,0,0,1,0,1,0,0,0,1,3
0,0,0,0,1,2,24,4,0,0,5,3,6
0,0,3,0,1,1,1,1,0,0,20,125,6
0,0,2,0,0,2,10,0,0,1,3,0,6
0,0,2,1,0,1,0,0,0,0,2,1,5
0,0,0,0,0,5,3,1,0,0,0,1,5
0,0,0,0,0,0,0,0,0,0,0,0,1
0,0,4,0,0,1,5,0,1,0,0,0,4
0,0,0,0,0,0,0,0,0,0,0,0,1
0,0,1,2,0,1,14,3,3,2,17,0,7
0,0,1,0,1,0,1,1,0,2,2,2,5
0,0,4,0,3,2,34,0,0,0,2,0,9
0,0,1,0,0,0,1,2,0,1,0,0,5
0,0,0,0,0,0,0,0,0,0,0,0,3
0,0,1,0,0,2,20,5,0,1,1,0,10
0,0,0,0,0,0,69,1,0,0,4,1,4
0,0,8,0,2,3,12,3,0,0,1,5,10
0,0,0,0,0,0,0,0,0,0,0,0,1
0,0,0,0,0,0,10,0,0,0,0,0,1
0,0,0,0,0,0,0,0,0,0,0,0,1
0,0,2,0,0,0,4,0,0,2,17,16,5
0,0,2,0,1,1,14,5,0,0,1,0,7
0,0,0,0,2,5,66,0,0,2,21,66,10
0,0,1,0,2,0,2,1,0,0,2,0,1
0,0,3,0,1,0,38,1,0,1,12,4,8
0,0,8,0,0,0,6,1,1,0,31,0,8
0,0,3,0,3,57,23,61,1,1,4,0,15
0,0,0,0,0,0,4,0,0,0,1,0,1
0,0,0,0,0,3,10,1,0,0,2,0,5
0,0,1,0,0,1,11,3,0,0,0,2,6
0,0,1,0,0,0,3,3,0,0,1,0,7
0,0,1,0,0,0,0,0,1,0,0,0,5
0,0,0,0,0,4,3,0,0,1,1,0,4
0,0,2,0,0,0,21,0,0,1,19,20,1
0,0,0,0,0,0,3,0,0,0,0,0,1
0,0,1,0,0,2,9,0,0,0,8,43,5
0,0,2,0,2,0,1,5,0,1,2,0,4
0,0,2,0,1,5,20,1,0,0,3,0,8
0,0,0,0,1,4,62,3,0,8,0,0,7
1,0,0,0,0,3,10,0,0,0,2,5,1
0,0,0,0,0,0,10,0,0,0,0,0,5
0,0,5,0,0,0,37,4,0,2,13,77,9
0,0,11,0,1,5,12,0,9,0,14,8,11
0,0,6,0,4,6,10,2,0,0,0,0,9
0,0,0,0,0,0,4,21,0,4,1,0,7
0,0,4,0,0,0,5,1,0,0,2,9,8
0,0,0,0,0,1,7,0,0,0,1,0,3
0,0,1,0,0,0,5,2,0,0,0,0,2
0,0,0,0,0,0,0,0,0,0,1,5,1
0,0,8,0,1,10,42,0,0,0,108,0,11
0,0,1,0,1,1,60,1,0,0,4,2,6
0,0,1,0,0,0,11,3,0,2,1,1,5
0,0,2,0,0,1,9,0,1,0,0,0,8
0,0,4,0,0,1,3,1,0,0,10,0,5
0,0,1,0,0,6,16,1,0,0,0,1,8
0,0,0,0,1,0,1,6,0,1,3,0,4
0,0,1,0,0,0,34,1,0,0,1,0,4
0,0,2,0,1,1,17,6,1,0,32,61,9
0,0,9,0,1,1,17,1,3,0,0,138,11
0,0,5,0,1,2,5,1,0,0,50,34,9
0,0,2,0,2,4,7,4,0,0,0,0,7
0,0,8,0,0,0,0,0,0,0,0,0,8
0,0,3,0,1,0,10,3,0,0,4,4,7
0,0,1,0,0,1,12,0,0,0,10,4,6
0,0,5,1,11,57,107,2,0,13,41,5,15
0,0,0,0,0,0,4,1,0,0,0,0,1
0,0,0,0,2,1,11,25,0,0,0,0,8
0,0,0,0,0,0,2,0,0,0,1,0,1
0,0,0,0,0,0,6,1,0,0,0,5,2
0,0,1,0,7,2,12,1,0,8,31,47,5
0,0,1,0,0,0,5,0,0,0,41,75,7
0,0,3,0,0,2,8,4,0,6,61,12,7
0,0,0,0,0,0,1,0,0,0,8,13,1
0,0,20,1,3,1,59,19,1,3,0,0,15
0,0,3,0,0,0,0,0,0,0,0,0,8
0,0,0,0,0,0,27,0,0,3,26,25,3
0,0,4,0,1,0,28,2,0,1,8,16,8
0,0,0,0,0,3,14,2,0,7,11,53,4
0,0,6,0,1,2,50,1,0,0,0,0,8
0,0,0,0,0,1,1,0,0,0,0,1,1
0,0,0,0,0,0,7,0,0,0,1,0,1
0,0,1,0,0,0,3,0,0,0,6,0,1
0,0,9,0,0,2,16,1,6,0,71,199,11
0,0,0,0,0,0,0,0,0,0,0,0,3
0,0,0,0,1,0,4,1,0,0,2,1,4
0,0,1,0,1,1,17,0,0,1,6,4,7
0,0,0,0,3,4,12,0,0,0,11,5,5
0,0,6,0,0,5,0,0,1,0,0,0,8
0,0,9,0,0,1,7,4,0,0,55,138,11
0,0,0,0,0,0,2,0,0,2,0,0,1
0,0,1,0,1,4,32,1,2,3,113,47,7
0,0,0,0,0,0,1,0,0,0,0,0,1
0,0,14,0,0,1,71,1,2,0,48,30,11
0,0,0,0,0,0,25,2,0,0,0,0,4
0,0,5,0,2,3,42,2,0,0,1,7,7
0,0,1,0,0,1,2,0,4,0,23,104,6
0,0,0,0,0,0,2,0,0,0,1,0,1
0,0,6,0,0,3,16,0,0,1,49,36,9
0,0,0,0,0,0,0,0,0,0,0,0,1
0,0,0,0,3,0,9,1,0,1,0,0,4
0,0,0,0,0,0,0,0,0,0,0,0,1
0,0,0,0,0,0,0,4,0,0,0,0,2
0,0,0,0,0,0,0,0,0,0,0,0,1
0,0,12,0,3,4,4,0,0,1,7,57,11
0,0,3,1,1,12,22,2,0,0,1,0,9
0,0,1,0,0,0,3,0,0,0,1,0,5
0,0,4,0,2,2,12,1,3,2,87,204,8
0,0,0,0,0,0,6,0,0,0,2,1,1
0,0,3,0,0,0,0,0,0,0,0,0,8
0,0,4,0,2,9,24,2,0,0,17,28,8
1,0,1,0,5,1,3,1,0,3,3,0,6
0,0,1,0,0,0,2,1,0,0,0,0,5
1,0,3,0,7,17,13,12,1,2,61,31,10
0,0,0,0,0,0,0,0,0,0,0,0,1
0,0,0,0,0,3,10,2,0,3,3,0,5
0,0,2,0,0,0,7,2,0,1,28,54,7
0,0,0,0,2,6,3,3,0,1,2,0,6
0,0,0,0,0,1,0,0,0,0,0,0,2
0,0,0,0,0,0,1,0,0,2,1,0,1
0,0,0,0,1,0,1,0,0,0,0,0,2
0,0,0,0,0,0,11,1,1,1,0,0,2
0,0,0,0,0,0,5,1,0,0,1,1,3
0,0,14,0,2,2,11,5,11,2,95,10,15
0,0,0,0,0,0,1,0,0,1,0,0,1
0,0,1,0,3,0,13,1,0,1,6,2,5
0,0,0,0,1,1,0,2,0,0,0,0,2
0,0,0,0,0,1,0,2,0,0,0,4,3
0,0,0,0,0,0,0,3,0,2,9,2,3
0,0,0,0,0,0,12,0,0,0,2,0,2
0,0,17,0,1,0,28,2,7,6,157,150,15
0,0,0,0,0,0,2,1,0,0,3,8,5
0,0,4,0,18,23,136,2,0,8,66,2,10
0,0,6,0,0,1,12,0,1,2,47,120,7
0,0,2,0,0,2,3,0,1,0,2,0,1
0,0,1,0,1,0,25,0,1,5,15,27,5
0,0,0,0,0,0,0,0,0,0,0,0,1
0,0,1,0,1,2,17,3,1,0,23,80,7
0,0,1,0,1,1,3,0,1,2,64,195,8
0,0,0,0,0,0,0,0,0,0,0,0,1
0,0,7,0,0,0,1,0,0,0,20,35,10
0,0,4,1,12,3,103,12,1,14,27,1,11
0,0,0,0,1,0,2,1,0,0,0,0,2
0,0,5,0,6,2,39,3,0,11,102,42,9
0,0,1,0,0,1,62,4,0,2,0,0,4
0,0,1,0,4,0,17,0,0,1,33,0,7
0,0,0,0,0,0,1,0,0,0,0,0,1
0,0,0,0,0,1,1,1,0,1,1,1,1
0,0,0,0,2,2,6,1,0,0,1,0,8
0,0,4,0,0,1,46,0,0,1,44,132,8
0,0,1,0,0,1,3,0,0,0,0,0,6
0,0,3,0,1,0,27,1,0,0,15,32,5
0,0,1,0,1,3,16,0,0,0,4,0,6
0,0,0,0,0,0,1,2,0,0,0,0,1
0,0,0,0,2,3,0,5,0,0,21,1,4
0,0,1,0,0,3,35,3,0,0,13,39,6
0,0,0,0,1,0,0,0,0,0,0,0,2
0,0,1,0,0,1,0,4,0,0,0,1,3
0,0,8,0,1,3,14,0,0,0,33,11,11
0,0,0,0,0,0,1,2,0,1,0,0,2
0,0,2,0,1,3,20,0,0,0,0,0,6
0,0,0,0,1,0,0,1,0,0,0,0,4
0,0,0,0,0,0,1,0,0,0,0,1,1
0,0,0,0,0,0,10,0,1,0,0,0,2
0,0,6,0,6,2,18,2,1,3,14,10,9
0,0,1,0,0,0,3,1,0,1,0,0,7
0,0,9,0,0,2,3,2,0,3,45,148,11
0,0,1,0,1,0,1,2,0,0,0,0,5
0,0,8,0,4,1,30,0,1,0,0,0,9
0,0,8,1,0,1,58,2,16,1,28,10,10
0,0,8,0,1,0,25,3,0,0,10,1,10
0,0,0,0,0,0,5,0,1,0,3,0,1
0,0,2,0,0,4,5,26,0,0,1,0,8
0,0,0,0,0,0,0,0,0,0,0,0,1
0,0,0,0,1,0,2,0,0,0,1,0,1
0,0,1,0,0,4,8,1,0,0,6,0,7
0,0,2,0,1,1,5,2,0,0,0,3,8
0,0,10,0,3,1,33,0,0,1,114,428,11
0,0,12,0,0,10,43,0,13,0,40,0,11
0,0,15,0,20,14,65,5,1,0,64,166,15
0,0,1,0,0,1,13,13,0,0,6,2,7
0,0,2,0,1,1,22,1,0,0,26,0,4
0,0,4,0,0,1,4,0,0,0,0,7,10
0,0,6,0,4,1,24,2,0,0,17,9,8
0,0,0,0,0,2,0,1,0,6,5,3,8
0,0,3,0,1,0,25,5,0,0,12,24,8
0,0,7,0,0,0,4,1,0,0,16,37,9
0,0,1,0,0,2,22,2,0,0,9,0,4
0,0,0,0,0,0,1,0,0,0,0,0,1
0,0,0,0,0,3,0,1,0,1,0,1,2
0,0,0,0,0,0,8,0,0,0,7,0,1
0,0,6,0,0,1,44,0,1,1,32,161,8
0,0,10,0,0,1,42,2,1,1,56,203,10
0,0,10,0,2,3,19,0,0,0,53,378,10
0,0,7,0,0,2,53,0,0,1,69,234,10
0,0,0,0,1,0,15,0,1,0,14,10,4
0,0,0,0,0,4,9,0,0,0,3,0,5
0,0,0,0,1,0,3,9,1,0,2,8,4
0,0,0,0,0,0,0,0,0,0,0,0,4
0,0,2,1,1,3,2,23,1,0,0,0,8
0,0,3,0,0,1,8,3,0,1,6,24,5
0,0,1,0,1,1,17,0,0,0,0,0,1
0,0,3,0,0,0,0,0,0,0,1,2,8
0,0,2,0,0,2,4,2,0,2,2,0,5
0,0,3,0,6,1,12,5,0,0,0,0,7
0,0,1,0,0,0,7,0,0,2,1,0,1
0,0,4,0,1,0,53,1,1,3,1,0,9
0,0,6,0,0,3,22,4,0,1,37,267,8
0,0,0,0,0,4,10,0,0,0,0,0,4
0,0,1,0,0,0,14,2,2,4,13,5,6
0,0,0,0,0,0,0,0,0,1,0,0,1
0,0,1,0,0,1,6,0,0,2,10,1,4
0,0,6,0,2,2,22,0,0,6,44,123,8
0,0,1,0,0,2,18,0,0,3,18,2,4
0,0,3,0,2,0,13,3,0,0,32,32,8
0,0,0,0,0,0,25,0,0,0,0,8,2
0,0,12,2,2,1,29,0,0,0,95,617,11
0,0,0,0,0,0,0,2,0,0,0,0,3
0,0,1,0,0,1,8,0,0,0,12,0,5
0,0,22,1,1,6,77,32,2,2,2,1,15
0,0,5,0,0,1,9,0,0,0,3,0,8
0,0,0,0,0,0,1,1,0,1,6,0,1
0,0,0,1,0,2,8,2,0,0,5,1,6
0,0,6,0,0,0,8,1,1,0,20,37,8
0,0,1,0,0,0,0,0,0,1,0,1,1
0,0,0,0,2,0,0,0,0,0,3,0,2
0,0,1,0,3,6,26,22,0,0,2,0,8
0,0,3,0,31,4,38,3,1,2,12,0,8
0,0,3,0,1,1,3,3,0,0,0,0,8
0,0,0,0,0,1,0,4,0,0,0,0,1
0,0,10,0,1,1,16,0,0,1,18,0,10
0,0,1,0,0,0,1,1,0,1,11,17,6
0,0,0,0,0,0,9,1,0,0,1,0,1
0,0,2,0,0,2,1,0,0,0,33,34,8
0,0,3,0,0,0,0,0,0,0,1,0,4
0,0,1,0,0,1,0,1,0,2,17,3,5
0,0,0,0,4,0,9,3,0,4,7,2,5
0,0,1,0,1,0,14,3,1,0,5,62,7
0,0,11,0,9,14,83,7,2,10,95,17,11
0,0,15,0,1,11,84,2,6,9,316,17,15
1,0,13,0,1,4,17,2,3,9,190,60,15
0,0,3,0,0,1,27,2,4,1,8,22,8
0,0,2,0,1,0,9,2,1,1,5,0,6
1,0,2,0,2,2,32,4,1,7,48,35,8
0,0,0,0,0,1,6,2,0,0,1,2,3
0,0,7,0,1,2,7,0,0,1,73,70,8
0,0,0,0,2,0,3,2,0,0,1,0,1
0,0,1,0,1,9,0,1,0,4,20,10,7
0,0,10,0,1,1,15,9,2,0,22,14,11
0,0,9,0,0,0,54,22,5,2,7,4,10
0,0,3,0,0,0,2,2,0,0,15,41,4
0,0,7,0,0,1,9,0,0,1,51,448,11
0,0,3,0,5,2,37,10,0,0,4,0,7
0,0,0,0,0,0,17,9,1,0,4,8,11
0,0,12,0,1,0,63,10,1,0,16,36,11
0,0,0,0,0,1,6,5,0,0,0,0,3
0,0,0,0,0,0,5,2,1,0,1,0,2
0,0,4,0,0,5,3,2,1,3,84,11,8
0,0,0,0,0,1,0,0,0,0,5,0,2
0,0,4,0,1,20,32,3,1,2,10,2,9
0,0,1,0,1,4,1,0,0,0,0,0,7
0,0,0,0,4,1,39,26,2,0,1,0,6
0,0,0,0,0,0,0,1,0,1,3,0,1
0,0,6,0,2,1,38,0,1,2,38,8,8
0,0,1,0,0,0,0,0,0,1,3,0,5
0,0,0,0,0,0,1,0,0,0,39,20,1
0,0,5,0,6,11,9,2,0,4,227,87,10
0,0,0,0,2,0,11,0,1,0,2,1,6
0,0,1,0,0,1,12,0,0,2,4,26,6
0,0,4,0,1,0,46,5,5,5,71,84,8
0,0,2,0,0,0,10,9,1,0,0,0,6
0,0,4,1,21,20,148,13,0,3,42,12,10
0,0,19,0,2,2,23,8,4,2,56,196,11
0,0,8,0,0,3,14,5,0,2,4,1,9
0,0,0,0,0,0,0,0,0,1,9,0,1
0,0,2,0,1,3,33,6,0,0,2,0,6
0,0,0,0,0,2,0,2,0,0,0,0,4
0,0,6,0,26,13,57,8,0,23,104,44,11
0,0,1,0,0,4,4,0,0,2,3,0,5
0,0,4,0,3,1,19,14,2,3,8,21,9
0,0,29,0,0,6,31,6,0,0,168,108,15
0,0,29,0,0,1,6,2,6,1,70,95,15
0,0,1,0,0,8,88,4,0,5,42,13,8
0,0,1,0,0,2,0,1,0,0,1,0,6
0,0,1,0,2,1,34,3,0,0,8,0,5
1,0,0,0,0,0,0,0,0,0,0,0,10
0,0,17,0,9,43,64,5,57,9,21,148,15
0,0,0,0,2,0,15,1,0,0,2,0,3
0,0,0,0,72,5,119,10,1,7,10,1,10
0,0,27,2,0,5,20,4,0,2,64,122,15
0,0,0,0,1,1,10,12,0,0,4,2,4
0,0,0,0,0,0,0,0,0,0,0,0,2
0,0,1,0,0,0,15,13,0,1,2,5,4
0,0,11,0,0,2,10,2,1,2,138,409,10
0,0,0,0,0,1,0,0,0,0,1,0,2
0,0,0,1,3,1,21,8,0,2,23,0,5
0,0,0,0,0,0,0,1,0,0,0,0,4
0,0,1,1,0,0,3,2,0,0,0,1,3
0,0,3,0,1,4,5,35,3,1,1,0,8
0,0,0,0,1,0,13,11,0,2,7,6,5
0,0,1,0,0,0,2,1,1,1,2,0,5
0,0,1,0,0,0,0,0,1,0,0,0,4
0,0,2,0,0,1,9,1,0,1,2,1,4
0,0,1,0,1,4,14,4,0,1,5,1,6
0,0,0,0,0,0,4,2,0,1,0,2,4
0,0,11,0,0,1,74,2,0,0,5,3,9
0,0,5,0,0,2,1,0,5,2,55,249,5
0,0,3,2,3,2,1,8,1,2,29,2,8
0,0,0,0,0,0,3,0,0,0,0,0,1
0,0,13,0,2,20,19,0,0,0,52,11,11
0,0,0,0,0,0,0,0,0,0,0,0,1
0,0,1,0,1,2,1,0,0,0,7,0,5
0,0,8,0,0,3,7,1,6,0,48,142,10
0,0,8,0,1,2,18,4,0,2,12,2,10
0,0,1,0,1,5,7,5,0,2,2,1,6
0,0,0,0,0,1,0,1,0,0,0,0,1
0,0,0,0,0,4,81,1,0,5,57,20,6
0,0,18,0,2,2,72,1,1,6,65,117,11
0,0,9,0,2,4,13,2,1,0,76,722,11
0,0,14,0,7,3,53,0,0,0,23,0,11
0,0,0,0,1,0,11,2,0,2,2,2,4
0,0,0,0,0,0,0,0,0,0,0,0,1
0,0,8,0,1,0,1,2,0,0,2,0,7
0,0,9,0,0,5,18,0,0,0,59,127,10
0,0,5,0,1,3,27,2,0,1,56,280,8
0,0,5,0,0,1,2,0,1,0,0,0,8
0,0,1,0,0,2,6,3,0,0,2,0,4
0,0,21,0,10,1,63,8,2,0,1,0,11
0,0,0,0,2,1,2,3,0,0,3,1,1
0,0,0,0,0,0,0,0,0,0,0,0,1
0,0,4,0,4,2,41,1,0,4,8,5,8
0,0,3,0,6,7,108,30,0,4,45,3,10
0,0,0,0,0,0,2,0,0,0,0,0,1
0,0,0,0,0,1,2,0,0,0,4,1,2
0,0,1,0,0,3,0,1,0,2,122,663,8
0,0,22,0,0,10,49,8,4,0,18,118,11
0,0,0,0,0,0,0,0,0,0,2,0,1
0,0,0,0,0,2,16,1,0,0,9,43,4
0,0,4,0,4,3,2,0,0,1,2,0,4
0,0,0,0,1,2,0,1,0,0,11,0,4
0,0,22,0,1,9,85,3,8,2,66,113,15
0,0,1,0,2,4,1,1,0,0,7,2,6
0,0,20,0,3,11,65,1,3,0,1,0,11
0,0,0,0,0,0,3,1,0,0,1,0,2
0,0,7,0,0,10,0,1,0,6,288,256,10
0,0,13,0,3,3,44,4,10,0,55,27,10
0,0,5,0,0,1,2,1,1,0,1,0,1
0,0,1,0,1,1,28,18,0,2,1,1,6
0,0,1,0,3,0,51,3,0,0,39,0,7
1,0,26,0,3,1,46,10,0,0,4,0,15
0,0,0,0,1,0,0,3,0,0,3,0,2
0,0,1,0,6,2,5,4,0,0,27,0,6
0,0,0,0,1,0,0,0,0,2,9,0,1
0,0,0,0,1,0,4,2,1,0,1,1,1
1,0,3,0,8,2,11,4,0,4,44,0,11
0,0,1,0,0,3,4,2,0,4,2,0,6
0,0,13,0,0,4,10,0,1,1,168,680,9
0,0,2,1,0,1,29,1,1,4,14,15,6
1,0,28,0,3,2,38,5,3,0,6,0,10
0,0,2,0,0,2,9,1,0,1,14,2,8
0,0,7,0,0,7,46,0,5,0,21,61,10
0,0,3,1,9,18,30,21,0,5,7,0,9
0,0,0,0,0,2,0,0,0,0,4,0,3
0,0,8,0,2,17,63,3,1,0,8,31,10
0,0,8,0,2,8,23,0,1,3,136,24,10
0,0,0,0,7,8,35,11,2,2,19,3,8
0,0,0,0,0,0,1,2,0,1,7,2,2
0,0,0,0,0,2,3,2,0,1,2,0,4
0,0,0,0,0,4,16,4,0,0,1,0,2
0,0,16,0,2,2,37,14,3,2,20,41,10
0,0,24,0,5,15,37,2,0,2,127,48,15
0,0,0,0,2,0,1,1,0,1,0,0,4
0,0,10,0,2,0,28,4,0,0,36,52,9
0,0,0,1,2,18,146,4,1,10,61,16,7
0,0,13,2,4,1,74,3,2,4,257,481,10
0,0,27,0,0,0,16,1,0,5,288,338,11
0,0,1,0,0,0,0,0,0,0,2,0,4
0,0,46,0,10,7,118,21,3,2,101,84,15
0,0,0,0,0,0,2,14,0,0,2,0,4
0,0,30,0,3,7,91,21,1,0,18,178,11
0,0,21,1,0,6,18,3,3,0,88,148,11
0,0,0,0,0,5,11,2,2,3,15,7,6
0,0,3,0,13,1,3,0,0,3,4,1,8
0,0,1,0,0,0,3,1,1,0,0,0,4
0,0,2,0,1,1,6,9,0,3,57,63,6
0,0,2,0,0,0,20,4,0,0,8,0,3
0,0,3,0,6,3,7,63,2,3,42,10,10
0,0,2,0,0,2,16,0,1,4,55,8,1
0,0,36,0,2,8,60,2,1,0,4,154,11
0,0,1,0,4,2,25,16,0,4,34,1,7
0,0,0,0,0,0,0,5,0,0,1,0,2
1,0,14,0,3,6,69,2,1,5,78,178,15
0,0,19,0,0,5,49,0,2,1,45,63,15
0,0,8,0,1,2,49,11,1,2,67,10,8
0,0,0,0,0,1,2,2,0,0,2,1,2
0,0,1,0,2,3,11,12,0,0,2,0,5
0,0,11,0,4,6,23,3,1,1,246,457,9
0,0,2,0,1,3,6,37,0,2,6,2,8
0,0,42,0,11,19,42,8,2,3,51,17,11
0,0,27,0,0,2,52,4,0,1,160,575,11
0,0,20,0,3,10,84,4,19,1,2,1,10
0,0,1,0,0,1,8,3,2,4,7,7,4
0,0,4,0,2,6,8,13,0,0,13,6,8
0,0,0,0,0,0,0,0,0,0,9,0,1
0,0,0,0,0,0,2,0,0,0,0,0,1
0,0,0,0,1,1,11,1,0,0,0,0,2
0,0,11,0,0,4,50,0,0,3,27,97,8
0,0,4,0,0,4,19,4,1,0,49,31,8
0,0,2,0,4,1,17,3,0,0,23,73,8
0,0,1,0,0,1,8,1,0,1,2,0,4
0,0,6,0,3,1,8,1,0,2,77,174,8
0,0,0,0,0,6,0,3,0,0,0,0,5
0,0,0,0,2,10,47,5,0,2,22,11,5
0,0,8,1,1,0,12,1,0,1,33,19,10
0,0,1,0,1,2,3,6,0,0,6,3,4
0,0,0,0,0,2,3,1,0,0,0,0,2
0,0,0,0,1,3,2,0,0,0,10,0,4
1,0,4,0,0,0,4,4,0,0,0,0,1
0,0,0,0,22,17,22,4,0,0,0,0,6
0,0,2,0,2,0,3,2,0,0,2,3,4
0,0,3,0,5,2,3,7,0,5,13,6,5
0,0,0,0,0,0,40,0,0,2,10,1,5
0,0,0,0,2,1,11,14,0,0,2,2,3
0,0,11,1,7,10,55,7,1,3,122,135,8
0,0,0,0,0,1,2,0,0,0,0,0,1
0,0,16,1,0,1,10,1,3,6,358,992,11
0,0,1,1,0,2,3,0,0,1,15,4,1
0,0,9,0,2,3,43,9,0,7,148,28,9
0,0,0,0,4,2,15,4,0,7,41,0,4
0,0,23,0,0,1,13,5,12,0,6,2,10
0,0,0,0,0,0,14,0,0,1,9,1,2
0,0,4,0,2,1,7,22,3,2,6,2,8
0,0,2,0,0,7,9,2,0,0,12,10,1
0,0,7,0,1,2,51,0,5,3,66,100,8
0,0,64,1,4,6,47,33,7,1,40,10,15
0,0,26,0,2,14,16,11,2,5,128,171,15
0,0,0,0,0,0,9,10,0,0,1,0,4
0,0,1,0,0,1,3,4,0,2,10,0,4
0,0,5,0,3,9,47,9,2,15,124,119,9
0,0,16,0,1,7,25,2,0,3,142,221,10
0,0,0,0,1,0,14,2,0,0,1,0,3
0,0,0,0,0,0,15,0,0,0,1,0,3
0,0,15,0,0,5,33,3,26,0,202,227,11
0,0,9,0,1,7,33,10,2,2,47,80,8
0,0,20,0,2,2,32,6,0,4,4,0,9
1,0,10,0,11,10,72,14,0,8,111,79,15
0,0,1,0,0,1,7,1,0,0,1,10,3
0,0,20,0,1,2,100,4,0,0,0,0,11
0,0,2,0,2,6,21,7,6,8,33,10,7
0,0,2,0,2,2,20,2,0,3,20,3,5
0,0,0,1,0,0,29,1,0,0,9,0,3
0,0,2,0,1,5,1,1,0,0,1,0,4
0,0,16,0,11,7,25,4,1,0,23,582,11
0,0,26,1,9,9,159,34,3,8,26,3,11
0,0,7,0,19,19,97,39,2,0,1,0,11
0,0,8,0,0,2,25,7,0,0,30,214,7
0,0,2,0,4,1,188,24,2,0,18,8,7
0,0,20,0,4,6,56,1,4,2,241,961,11
0,0,1,0,0,2,1,0,0,1,1,1,4
0,0,13,0,1,5,24,17,0,0,1,1,8
0,0,5,0,13,9,22,0,0,0,0,0,8
0,0,2,0,0,1,0,0,0,1,2,3,5
0,0,24,0,3,8,90,5,5,0,76,59,15
0,0,5,0,0,3,6,0,0,0,12,7,5
0,0,2,0,0,0,4,0,1,6,15,0,8
0,0,3,0,1,3,2,0,0,0,7,0,6
0,0,12,1,4,4,16,3,2,9,50,16,10
0,0,34,1,6,8,173,7,2,3,78,31,15
0,0,9,0,3,0,7,3,2,1,4,0,8
0,0,3,0,0,2,5,18,0,1,8,1,6
0,0,2,0,11,16,63,9,0,3,56,17,8
0,0,14,0,2,1,46,1,1,0,13,570,11
0,0,3,0,0,0,6,0,0,0,0,0,5
0,0,0,0,0,2,0,0,0,1,9,1,1
0,0,9,0,1,10,61,8,0,2,4,11,10
0,0,14,0,10,17,62,36,1,2,139,1,8
0,0,26,0,2,11,70,9,17,11,14,11,11
0,0,0,0,0,5,10,0,0,0,0,0,3
0,0,14,0,1,6,5,5,1,0,9,40,8
0,0,0,0,2,0,4,6,1,0,0,0,3
0,0,11,0,7,1,11,19,0,0,2,0,9
0,0,0,0,2,1,7,0,0,0,2,0,2
0,0,2,2,0,4,162,2,1,2,20,10,7
0,0,7,0,21,2,23,20,1,23,50,10,8
0,0,3,0,0,4,0,25,3,0,0,0,7
0,0,4,0,2,1,30,33,0,3,2,3,8
0,0,19,0,2,0,52,2,3,7,380,543,10
0,0,4,0,5,1,4,4,1,7,20,2,7
0,0,15,0,17,23,155,7,9,15,227,139,10
0,0,7,0,6,4,51,6,0,12,235,225,6
0,0,0,0,0,0,1,0,0,0,0,0,1
0,0,0,0,1,2,2,1,0,0,4,2,4
0,0,63,0,5,14,300,54,5,8,31,180,15
0,0,10,0,9,4,65,2,1,5,192,564,10
0,0,7,0,1,12,36,38,0,3,7,2,8
0,0,0,0,3,1,4,4,0,0,15,4,3
0,0,6,0,5,0,17,15,5,6,92,4,10
0,0,3,0,1,3,2,1,1,4,16,1,7
0,0,1,0,3,4,32,6,0,0,2,4,4
0,0,0,0,0,4,15,4,0,0,1,0,4
0,0,1,0,1,2,47,13,2,0,61,346,7
0,0,0,0,2,1,98,1,1,0,0,0,4
0,0,0,0,2,0,9,0,0,4,6,0,1
0,0,1,0,0,0,8,3,0,2,23,0,3
0,0,10,0,0,6,10,2,0,2,64,38,8
0,0,0,0,1,3,14,5,1,8,9,5,4
0,0,0,0,1,1,3,4,1,1,19,15,3
0,0,10,0,6,5,96,1,0,4,244,62,8
0,0,11,0,3,13,186,9,1,0,215,238,10
0,0,1,0,2,4,1,0,1,0,2,2,5
0,0,1,0,1,0,0,5,0,0,5,7,3
0,0,10,0,1,2,19,10,0,1,3,2,7
0,0,31,0,4,32,188,84,3,1,2,0,15
0,0,21,1,14,12,56,0,1,10,401,150,9
0,0,7,0,1,3,15,4,1,5,60,7,5
0,0,6,0,6,7,10,5,0,0,2,3,8
0,0,9,0,2,15,20,6,0,3,61,103,10
0,0,12,0,1,2,52,3,1,0,177,187,9
0,0,12,0,6,39,89,4,4,9,409,101,11
0,0,7,0,5,7,134,4,1,4,367,71,8
0,0,10,0,5,0,35,3,0,6,86,237,8
1,0,6,0,12,10,222,5,6,3,18,46,10
0,0,3,0,3,4,18,20,0,2,22,4,4
0,0,0,0,2,0,0,0,0,0,0,0,1
0,0,0,0,6,3,1,8,0,0,1,0,3
1,0,2,0,10,0,2,10,1,4,4,1,3
0,0,26,0,5,25,80,4,5,6,85,68,11
0,0,2,0,1,9,25,8,0,3,80,165,6
0,0,8,0,3,8,76,30,1,6,145,740,9
0,0,0,0,14,3,66,48,8,4,24,2,7
0,0,1,0,1,1,21,52,0,6,8,3,7
0,0,4,0,6,0,27,3,0,0,42,2,7
0,0,5,0,5,8,100,13,0,17,37,2,8
0,0,27,1,1,2,42,0,3,0,17,9,10
0,0,17,0,1,8,32,1,15,0,125,93,8
0,0,7,0,7,8,126,43,0,10,69,9,8
0,0,42,2,8,5,104,10,6,14,127,120,11
0,0,14,0,2,7,26,3,0,1,132,106,9
0,0,10,0,8,2,54,53,0,0,8,6,10
0,0,1,0,1,2,34,18,0,0,28,1,6
0,0,5,0,2,0,22,0,3,1,21,3,4
0,0,3,0,6,4,20,48,2,1,10,5,7
0,0,4,0,9,0,8,21,0,0,12,2,6
0,0,4,0,2,0,8,20,1,13,96,14,7
0,0,4,0,7,1,1,2,2,6,2,2,4
0,0,2,0,1,1,2,12,0,0,26,4,4
0,0,2,0,3,5,15,3,0,1,14,1,6
0,0,7,0,7,3,75,1,0,2,74,0,7
0,0,10,0,4,9,41,6,7,2,273,826,8
0,0,37,0,2,8,86,12,34,19,471,584,15
0,0,15,0,1,5,14,2,1,2,182,483,8
0,0,12,0,2,3,38,6,0,5,145,222,8
0,0,41,0,16,6,52,3,1,2,8,16,10
0,0,4,0,1,3,4,4,1,11,18,5,6
0,0,15,0,3,5,63,9,1,4,96,202,6
0,0,2,0,1,0,4,1,0,1,10,0,5
0,0,38,0,3,10,101,7,3,1,48,6,11
0,0,5,0,9,2,14,14,3,5,48,21,8
0,0,14,0,3,7,104,33,0,3,251,130,9
0,0,5,1,0,2,13,8,0,1,12,0,5
0,0,44,0,3,6,125,33,5,12,522,78,11
0,0,27,0,1,3,83,1,0,0,38,35,9
0,0,9,0,2,2,8,6,0,3,13,7,4
0,0,2,0,2,4,15,5,0,0,7,0,5
0,0,44,0,9,14,122,17,4,1,360,560,15
0,0,4,0,16,2,13,13,0,12,16,10,7
0,0,19,0,2,6,39,10,2,0,134,414,9
0,0,0,0,1,0,0,0,0,0,0,1,1
0,0,30,0,5,34,107,30,8,31,272,125,8
0,0,25,0,2,6,126,11,6,8,463,558,10
0,0,12,0,0,0,27,1,0,0,50,154,8
0,0,11,0,14,3,45,16,2,0,8,71,8
0,0,0,0,1,4,2,3,0,2,18,0,1
0,0,87,0,3,11,105,8,1,0,3,0,15
0,0,8,0,2,6,14,0,0,0,4,12,7
0,0,50,0,2,18,113,4,7,10,81,840,15
0,0,11,0,4,7,42,11,0,6,362,764,8
0,0,1,0,2,0,11,1,2,3,56,4,6
0,0,6,0,4,3,55,11,5,12,35,15,9
0,0,39,1,5,9,128,36,5,7,138,105,10
0,0,1,0,0,0,32,7,0,0,9,2,1
0,0,47,0,5,14,87,21,3,11,154,87,15
0,0,37,0,4,21,103,59,5,8,87,209,11
0,0,34,0,3,16,55,8,2,3,385,231,11
3,0,0,0,2,1,22,2,0,0,20,6,4
0,0,0,0,0,3,9,25,0,0,9,0,4
0,0,6,0,4,4,76,29,3,0,44,29,8
0,0,16,0,5,18,52,22,3,13,334,416,7
1,0,36,0,1,9,76,9,2,2,177,593,11
0,0,0,0,0,2,1,0,0,0,12,9,3
2,0,6,0,16,23,67,28,6,34,147,39,15
0,0,24,0,16,13,134,67,1,19,193,162,11
0,0,7,0,6,11,160,89,3,3,274,82,8
0,0,6,0,3,0,14,15,0,2,17,21,4
0,0,24,0,6,21,99,20,3,4,1012,1932,10
0,0,20,0,1,6,341,3,6,0,50,69,8
0,0,17,0,13,8,17,9,0,2,73,250,8
0,0,24,0,5,12,141,4,0,3,12,70,10
0,0,30,0,1,11,98,8,7,3,263,794,10
0,0,58,0,10,18,181,32,8,10,57,118,11
0,0,24,1,2,5,82,4,3,6,380,416,10
0,0,13,0,17,26,83,28,0,12,162,61,10
0,0,2,0,4,0,11,11,0,8,45,9,2
0,0,19,0,12,11,137,11,8,7,224,29,10
1,0,56,2,43,25,165,34,12,71,537,307,15
0,0,5,0,3,1,23,31,1,1,9,0,6
0,0,16,0,12,15,42,1,5,3,35,36,8
0,0,32,0,10,8,170,71,5,4,485,50,10
0,0,14,0,12,12,84,37,4,10,71,23,9
0,0,13,0,0,14,63,10,0,2,301,267,7
0,0,4,0,2,13,17,38,0,9,50,37,7
0,0,1,0,1,0,5,0,0,0,3,0,3
1,0,25,0,2,10,113,43,5,5,332,858,10
0,0,56,0,9,12,269,24,2,11,43,7,11
0,0,39,0,12,12,106,15,5,6,43,10,10
0,0,7,0,0,0,61,0,0,0,1,0,6
0,0,27,0,18,20,53,8,6,9,234,184,10
0,0,97,0,4,37,200,5,23,6,776,2134,15
0,0,53,0,5,27,217,43,6,2,675,1246,15
0,0,9,0,7,9,104,45,2,12,155,7,10
0,0,45,3,27,56,311,60,13,6,753,1279,10
0,1,62,0,14,21,274,85,10,58,698,2497,11
0,0,37,0,2,16,87,45,1,6,204,182,9
0,0,36,0,14,6,96,27,2,3,74,378,10
0,0,16,0,9,8,6,1,0,3,15,13,4
0,0,19,0,6,12,124,15,6,4,176,381,9
0,0,5,0,0,2,49,0,0,1,49,116,5
0,0,0,0,12,14,43,24,0,2,8,7,3
0,0,3,0,0,3,4,0,0,0,0,0,4
0,0,33,0,20,48,97,71,2,5,165,339,9
0,0,0,1,2,5,2,6,0,2,8,0,1
0,0,7,0,2,1,13,1,7,1,4,8,5
